direction,id,name,position,radius,rotation,scale,speed,type,batteryPercentage,
[1,0,0],20,"Drone1",[498.29199999999997,270,-228.62299999999999],1,[0,0,0,0],[0.10000000000000001,0.10000000000000001,0.10000000000000001],30,"drone","98.99",
[1,0,0],20,"Drone1",[498.29199999999997,270,-228.62299999999999],1,[0,0,0,0],[0.10000000000000001,0.10000000000000001,0.10000000000000001],30,"drone","97.99",
[1,0,0],20,"Drone1",[498.29199999999997,270,-228.62299999999999],1,[0,0,0,0],[0.10000000000000001,0.10000000000000001,0.10000000000000001],30,"drone","96.99",
[1,0,0],20,"Drone1",[498.29199999999997,270,-228.62299999999999],1,[0,0,0,0],[0.10000000000000001,0.10000000000000001,0.10000000000000001],30,"drone","95.99",
[1,0,0],20,"Drone1",[498.29199999999997,270,-228.62299999999999],1,[0,0,0,0],[0.10000000000000001,0.10000000000000001,0.10000000000000001],30,"drone","94.99",
[1,0,0],20,"Drone1",[498.29199999999997,270,-228.62299999999999],1,[0,0,0,0],[0.10000000000000001,0.10000000000000001,0.10000000000000001],30,"drone","93.99",
[1,0,0],20,"Drone1",[498.29199999999997,270,-228.62299999999999],1,[0,0,0,0],[0.10000000000000001,0.10000000000000001,0.10000000000000001],30,"drone","92.99",
[1,0,0],20,"Drone1",[498.29199999999997,270,-228.62299999999999],1,[0,0,0,0],[0.10000000000000001,0.10000000000000001,0.10000000000000001],30,"drone","91.99",
[1,0,0],20,"Drone1",[498.29199999999997,270,-228.62299999999999],1,[0,0,0,0],[0.10000000000000001,0.10000000000000001,0.10000000000000001],30,"drone","90.99",
[1,0,0],20,"Drone1",[498.29199999999997,270,-228.62299999999999],1,[0,0,0,0],[0.10000000000000001,0.10000000000000001,0.10000000000000001],30,"drone","89.99",
[1,0,0],20,"Drone1",[498.29199999999997,270,-228.62299999999999],1,[0,0,0,0],[0.10000000000000001,0.10000000000000001,0.10000000000000001],30,"drone","88.99",
[1,0,0],20,"Drone1",[498.29199999999997,270,-228.62299999999999],1,[0,0,0,0],[0.10000000000000001,0.10000000000000001,0.10000000000000001],30,"drone","87.99",
[1,0,0],20,"Drone1",[498.29199999999997,270,-228.62299999999999],1,[0,0,0,0],[0.10000000000000001,0.10000000000000001,0.10000000000000001],30,"drone","86.99",
[1,0,0],20,"Drone1",[498.29199999999997,270,-228.62299999999999],1,[0,0,0,0],[0.10000000000000001,0.10000000000000001,0.10000000000000001],30,"drone","85.99",
[1,0,0],20,"Drone1",[498.29199999999997,270,-228.62299999999999],1,[0,0,0,0],[0.10000000000000001,0.10000000000000001,0.10000000000000001],30,"drone","84.99",
[1,0,0],20,"Drone1",[498.29199999999997,270,-228.62299999999999],1,[0,0,0,0],[0.10000000000000001,0.10000000000000001,0.10000000000000001],30,"drone","83.99",
[1,0,0],20,"Drone1",[498.29199999999997,270,-228.62299999999999],1,[0,0,0,0],[0.10000000000000001,0.10000000000000001,0.10000000000000001],30,"drone","82.99",
[1,0,0],20,"Drone1",[498.29199999999997,270,-228.62299999999999],1,[0,0,0,0],[0.10000000000000001,0.10000000000000001,0.10000000000000001],30,"drone","81.99",
[1,0,0],20,"Drone1",[498.29199999999997,270,-228.62299999999999],1,[0,0,0,0],[0.10000000000000001,0.10000000000000001,0.10000000000000001],30,"drone","80.99",
[1,0,0],20,"Drone1",[498.29199999999997,270,-228.62299999999999],1,[0,0,0,0],[0.10000000000000001,0.10000000000000001,0.10000000000000001],30,"drone","79.99",
[1,0,0],20,"Drone1",[498.29199999999997,270,-228.62299999999999],1,[0,0,0,0],[0.10000000000000001,0.10000000000000001,0.10000000000000001],30,"drone","78.99",
[1,0,0],20,"Drone1",[498.29199999999997,270,-228.62299999999999],1,[0,0,0,0],[0.10000000000000001,0.10000000000000001,0.10000000000000001],30,"drone","77.99",
[1,0,0],20,"Drone1",[498.29199999999997,270,-228.62299999999999],1,[0,0,0,0],[0.10000000000000001,0.10000000000000001,0.10000000000000001],30,"drone","76.99",
[1,0,0],20,"Drone1",[498.29199999999997,270,-228.62299999999999],1,[0,0,0,0],[0.10000000000000001,0.10000000000000001,0.10000000000000001],30,"drone","75.99",
[1,0,0],20,"Drone1",[498.29199999999997,270,-228.62299999999999],1,[0,0,0,0],[0.10000000000000001,0.10000000000000001,0.10000000000000001],30,"drone","74.99",
[1,0,0],20,"Drone1",[498.29199999999997,270,-228.62299999999999],1,[0,0,0,0],[0.10000000000000001,0.10000000000000001,0.10000000000000001],30,"drone","73.99",
[1,0,0],20,"Drone1",[498.29199999999997,270,-228.62299999999999],1,[0,0,0,0],[0.10000000000000001,0.10000000000000001,0.10000000000000001],30,"drone","72.99",
[1,0,0],20,"Drone1",[498.29199999999997,270,-228.62299999999999],1,[0,0,0,0],[0.10000000000000001,0.10000000000000001,0.10000000000000001],30,"drone","71.99",
[1,0,0],20,"Drone1",[498.29199999999997,270,-228.62299999999999],1,[0,0,0,0],[0.10000000000000001,0.10000000000000001,0.10000000000000001],30,"drone","70.99",
[1,0,0],20,"Drone1",[498.29199999999997,270,-228.62299999999999],1,[0,0,0,0],[0.10000000000000001,0.10000000000000001,0.10000000000000001],30,"drone","69.99",
[1,0,0],20,"Drone1",[498.29199999999997,270,-228.62299999999999],1,[0,0,0,0],[0.10000000000000001,0.10000000000000001,0.10000000000000001],30,"drone","68.99",
[1,0,0],20,"Drone1",[498.29199999999997,270,-228.62299999999999],1,[0,0,0,0],[0.10000000000000001,0.10000000000000001,0.10000000000000001],30,"drone","67.99",
[1,0,0],20,"Drone1",[498.29199999999997,270,-228.62299999999999],1,[0,0,0,0],[0.10000000000000001,0.10000000000000001,0.10000000000000001],30,"drone","66.99",
[1,0,0],20,"Drone1",[498.29199999999997,270,-228.62299999999999],1,[0,0,0,0],[0.10000000000000001,0.10000000000000001,0.10000000000000001],30,"drone","65.99",
[1,0,0],20,"Drone1",[498.29199999999997,270,-228.62299999999999],1,[0,0,0,0],[0.10000000000000001,0.10000000000000001,0.10000000000000001],30,"drone","64.99",
[1,0,0],20,"Drone1",[498.29199999999997,270,-228.62299999999999],1,[0,0,0,0],[0.10000000000000001,0.10000000000000001,0.10000000000000001],30,"drone","63.99",
[1,0,0],20,"Drone1",[498.29199999999997,270,-228.62299999999999],1,[0,0,0,0],[0.10000000000000001,0.10000000000000001,0.10000000000000001],30,"drone","62.99",
[1,0,0],20,"Drone1",[498.29199999999997,270,-228.62299999999999],1,[0,0,0,0],[0.10000000000000001,0.10000000000000001,0.10000000000000001],30,"drone","61.99",
[1,0,0],20,"Drone1",[498.29199999999997,270,-228.62299999999999],1,[0,0,0,0],[0.10000000000000001,0.10000000000000001,0.10000000000000001],30,"drone","60.99",
[1,0,0],20,"Drone1",[498.29199999999997,270,-228.62299999999999],1,[0,0,0,0],[0.10000000000000001,0.10000000000000001,0.10000000000000001],30,"drone","59.99",
[1,0,0],20,"Drone1",[498.29199999999997,270,-228.62299999999999],1,[0,0,0,0],[0.10000000000000001,0.10000000000000001,0.10000000000000001],30,"drone","58.99",
[1,0,0],20,"Drone1",[498.29199999999997,270,-228.62299999999999],1,[0,0,0,0],[0.10000000000000001,0.10000000000000001,0.10000000000000001],30,"drone","57.99",
[1,0,0],20,"Drone1",[498.29199999999997,270,-228.62299999999999],1,[0,0,0,0],[0.10000000000000001,0.10000000000000001,0.10000000000000001],30,"drone","56.99",
[1,0,0],20,"Drone1",[498.29199999999997,270,-228.62299999999999],1,[0,0,0,0],[0.10000000000000001,0.10000000000000001,0.10000000000000001],30,"drone","55.99",
[1,0,0],20,"Drone1",[498.29199999999997,270,-228.62299999999999],1,[0,0,0,0],[0.10000000000000001,0.10000000000000001,0.10000000000000001],30,"drone","54.99",
[1,0,0],20,"Drone1",[498.29199999999997,270,-228.62299999999999],1,[0,0,0,0],[0.10000000000000001,0.10000000000000001,0.10000000000000001],30,"drone","53.99",
[1,0,0],20,"Drone1",[498.29199999999997,270,-228.62299999999999],1,[0,0,0,0],[0.10000000000000001,0.10000000000000001,0.10000000000000001],30,"drone","52.99",
[1,0,0],20,"Drone1",[498.29199999999997,270,-228.62299999999999],1,[0,0,0,0],[0.10000000000000001,0.10000000000000001,0.10000000000000001],30,"drone","51.99",
[1,0,0],20,"Drone1",[498.29199999999997,270,-228.62299999999999],1,[0,0,0,0],[0.10000000000000001,0.10000000000000001,0.10000000000000001],30,"drone","50.99",
[1,0,0],20,"Drone1",[498.29199999999997,270,-228.62299999999999],1,[0,0,0,0],[0.10000000000000001,0.10000000000000001,0.10000000000000001],30,"drone","49.99",
[1,0,0],20,"Drone1",[498.29199999999997,270,-228.62299999999999],1,[0,0,0,0],[0.10000000000000001,0.10000000000000001,0.10000000000000001],30,"drone","48.99",
[1,0,0],20,"Drone1",[498.29199999999997,270,-228.62299999999999],1,[0,0,0,0],[0.10000000000000001,0.10000000000000001,0.10000000000000001],30,"drone","47.99",
[1,0,0],20,"Drone1",[498.29199999999997,270,-228.62299999999999],1,[0,0,0,0],[0.10000000000000001,0.10000000000000001,0.10000000000000001],30,"drone","46.99",
[1,0,0],20,"Drone1",[498.29199999999997,270,-228.62299999999999],1,[0,0,0,0],[0.10000000000000001,0.10000000000000001,0.10000000000000001],30,"drone","45.99",
[1,0,0],20,"Drone1",[498.29199999999997,270,-228.62299999999999],1,[0,0,0,0],[0.10000000000000001,0.10000000000000001,0.10000000000000001],30,"drone","44.99",
[1,0,0],20,"Drone1",[498.29199999999997,270,-228.62299999999999],1,[0,0,0,0],[0.10000000000000001,0.10000000000000001,0.10000000000000001],30,"drone","43.99",
[1,0,0],20,"Drone1",[498.29199999999997,270,-228.62299999999999],1,[0,0,0,0],[0.10000000000000001,0.10000000000000001,0.10000000000000001],30,"drone","42.99",
[1,0,0],20,"Drone1",[498.29199999999997,270,-228.62299999999999],1,[0,0,0,0],[0.10000000000000001,0.10000000000000001,0.10000000000000001],30,"drone","41.99",
[1,0,0],20,"Drone1",[498.29199999999997,270,-228.62299999999999],1,[0,0,0,0],[0.10000000000000001,0.10000000000000001,0.10000000000000001],30,"drone","40.99",
[1,0,0],20,"Drone1",[498.29199999999997,270,-228.62299999999999],1,[0,0,0,0],[0.10000000000000001,0.10000000000000001,0.10000000000000001],30,"drone","39.99",
[1,0,0],20,"Drone1",[498.29199999999997,270,-228.62299999999999],1,[0,0,0,0],[0.10000000000000001,0.10000000000000001,0.10000000000000001],30,"drone","38.99",
[1,0,0],20,"Drone1",[498.29199999999997,270,-228.62299999999999],1,[0,0,0,0],[0.10000000000000001,0.10000000000000001,0.10000000000000001],30,"drone","37.99",
[1,0,0],20,"Drone1",[498.29199999999997,270,-228.62299999999999],1,[0,0,0,0],[0.10000000000000001,0.10000000000000001,0.10000000000000001],30,"drone","36.99",
[1,0,0],20,"Drone1",[498.29199999999997,270,-228.62299999999999],1,[0,0,0,0],[0.10000000000000001,0.10000000000000001,0.10000000000000001],30,"drone","35.99",
[1,0,0],20,"Drone1",[498.29199999999997,270,-228.62299999999999],1,[0,0,0,0],[0.10000000000000001,0.10000000000000001,0.10000000000000001],30,"drone","34.99",
[1,0,0],20,"Drone1",[498.29199999999997,270,-228.62299999999999],1,[0,0,0,0],[0.10000000000000001,0.10000000000000001,0.10000000000000001],30,"drone","33.99",
[1,0,0],20,"Drone1",[498.29199999999997,270,-228.62299999999999],1,[0,0,0,0],[0.10000000000000001,0.10000000000000001,0.10000000000000001],30,"drone","32.99",
[1,0,0],20,"Drone1",[498.29199999999997,270,-228.62299999999999],1,[0,0,0,0],[0.10000000000000001,0.10000000000000001,0.10000000000000001],30,"drone","31.99",
[1,0,0],20,"Drone1",[498.29199999999997,270,-228.62299999999999],1,[0,0,0,0],[0.10000000000000001,0.10000000000000001,0.10000000000000001],30,"drone","30.99",
[1,0,0],20,"Drone1",[498.29199999999997,270,-228.62299999999999],1,[0,0,0,0],[0.10000000000000001,0.10000000000000001,0.10000000000000001],30,"drone","29.99",
[1,0,0],20,"Drone1",[498.29199999999997,270,-228.62299999999999],1,[0,0,0,0],[0.10000000000000001,0.10000000000000001,0.10000000000000001],30,"drone","28.99",
[1,0,0],20,"Drone1",[498.29199999999997,270,-228.62299999999999],1,[0,0,0,0],[0.10000000000000001,0.10000000000000001,0.10000000000000001],30,"drone","27.99",
[1,0,0],20,"Drone1",[498.29199999999997,270,-228.62299999999999],1,[0,0,0,0],[0.10000000000000001,0.10000000000000001,0.10000000000000001],30,"drone","26.99",
[1,0,0],20,"Drone1",[498.29199999999997,270,-228.62299999999999],1,[0,0,0,0],[0.10000000000000001,0.10000000000000001,0.10000000000000001],30,"drone","25.99",
[1,0,0],20,"Drone1",[498.29199999999997,270,-228.62299999999999],1,[0,0,0,0],[0.10000000000000001,0.10000000000000001,0.10000000000000001],30,"drone","24.99",
[1,0,0],20,"Drone1",[498.29199999999997,270,-228.62299999999999],1,[0,0,0,0],[0.10000000000000001,0.10000000000000001,0.10000000000000001],30,"drone","23.99",
[1,0,0],20,"Drone1",[498.29199999999997,270,-228.62299999999999],1,[0,0,0,0],[0.10000000000000001,0.10000000000000001,0.10000000000000001],30,"drone","22.99",
[1,0,0],20,"Drone1",[498.29199999999997,270,-228.62299999999999],1,[0,0,0,0],[0.10000000000000001,0.10000000000000001,0.10000000000000001],30,"drone","21.99",
[1,0,0],20,"Drone1",[498.29199999999997,270,-228.62299999999999],1,[0,0,0,0],[0.10000000000000001,0.10000000000000001,0.10000000000000001],30,"drone","20.99",
[1,0,0],20,"Drone1",[498.29199999999997,270,-228.62299999999999],1,[0,0,0,0],[0.10000000000000001,0.10000000000000001,0.10000000000000001],30,"drone","19.99",
[1,0,0],20,"Drone1",[498.29199999999997,270,-228.62299999999999],1,[0,0,0,0],[0.10000000000000001,0.10000000000000001,0.10000000000000001],30,"drone","18.99",
[1,0,0],20,"Drone1",[498.29199999999997,270,-228.62299999999999],1,[0,0,0,0],[0.10000000000000001,0.10000000000000001,0.10000000000000001],30,"drone","17.99",
[1,0,0],20,"Drone1",[498.29199999999997,270,-228.62299999999999],1,[0,0,0,0],[0.10000000000000001,0.10000000000000001,0.10000000000000001],30,"drone","16.99",
[1,0,0],20,"Drone1",[498.29199999999997,270,-228.62299999999999],1,[0,0,0,0],[0.10000000000000001,0.10000000000000001,0.10000000000000001],30,"drone","15.99",
[1,0,0],20,"Drone1",[498.29199999999997,270,-228.62299999999999],1,[0,0,0,0],[0.10000000000000001,0.10000000000000001,0.10000000000000001],30,"drone","14.99",
[1,0,0],20,"Drone1",[498.29199999999997,270,-228.62299999999999],1,[0,0,0,0],[0.10000000000000001,0.10000000000000001,0.10000000000000001],30,"drone","13.99",
[1,0,0],20,"Drone1",[498.29199999999997,270,-228.62299999999999],1,[0,0,0,0],[0.10000000000000001,0.10000000000000001,0.10000000000000001],30,"drone","12.99",
[1,0,0],20,"Drone1",[498.29199999999997,270,-228.62299999999999],1,[0,0,0,0],[0.10000000000000001,0.10000000000000001,0.10000000000000001],30,"drone","11.99",
[1,0,0],20,"Drone1",[498.29199999999997,270,-228.62299999999999],1,[0,0,0,0],[0.10000000000000001,0.10000000000000001,0.10000000000000001],30,"drone","10.99",
[1,0,0],20,"Drone1",[498.29199999999997,270,-228.62299999999999],1,[0,0,0,0],[0.10000000000000001,0.10000000000000001,0.10000000000000001],30,"drone","9.99",
[1,0,0],20,"Drone1",[498.29199999999997,270,-228.62299999999999],1,[0,0,0,0],[0.10000000000000001,0.10000000000000001,0.10000000000000001],30,"drone","8.99",
[1,0,0],20,"Drone1",[498.29199999999997,270,-228.62299999999999],1,[0,0,0,0],[0.10000000000000001,0.10000000000000001,0.10000000000000001],30,"drone","7.99",
[1,0,0],20,"Drone1",[498.29199999999997,270,-228.62299999999999],1,[0,0,0,0],[0.10000000000000001,0.10000000000000001,0.10000000000000001],30,"drone","6.99",
[1,0,0],20,"Drone1",[498.29199999999997,270,-228.62299999999999],1,[0,0,0,0],[0.10000000000000001,0.10000000000000001,0.10000000000000001],30,"drone","5.99",
[1,0,0],20,"Drone1",[498.29199999999997,270,-228.62299999999999],1,[0,0,0,0],[0.10000000000000001,0.10000000000000001,0.10000000000000001],30,"drone","4.99",
[1,0,0],20,"Drone1",[498.29199999999997,270,-228.62299999999999],1,[0,0,0,0],[0.10000000000000001,0.10000000000000001,0.10000000000000001],30,"drone","3.99",
[1,0,0],20,"Drone1",[498.29199999999997,270,-228.62299999999999],1,[0,0,0,0],[0.10000000000000001,0.10000000000000001,0.10000000000000001],30,"drone","3.43",
[1,0,0],20,"Drone1",[498.29199999999997,270,-228.62299999999999],1,[0,0,0,0],[0.10000000000000001,0.10000000000000001,0.10000000000000001],30,"drone","13.43",
[1,0,0],20,"Drone1",[498.29199999999997,270,-228.62299999999999],1,[0,0,0,0],[0.10000000000000001,0.10000000000000001,0.10000000000000001],30,"drone","23.43",
[1,0,0],20,"Drone1",[498.29199999999997,270,-228.62299999999999],1,[0,0,0,0],[0.10000000000000001,0.10000000000000001,0.10000000000000001],30,"drone","33.43",
[1,0,0],20,"Drone1",[498.29199999999997,270,-228.62299999999999],1,[0,0,0,0],[0.10000000000000001,0.10000000000000001,0.10000000000000001],30,"drone","43.43",
[1,0,0],20,"Drone1",[498.29199999999997,270,-228.62299999999999],1,[0,0,0,0],[0.10000000000000001,0.10000000000000001,0.10000000000000001],30,"drone","53.43",
[1,0,0],20,"Drone1",[498.29199999999997,270,-228.62299999999999],1,[0,0,0,0],[0.10000000000000001,0.10000000000000001,0.10000000000000001],30,"drone","63.43",
[1,0,0],20,"Drone1",[498.29199999999997,270,-228.62299999999999],1,[0,0,0,0],[0.10000000000000001,0.10000000000000001,0.10000000000000001],30,"drone","73.43",
[1,0,0],20,"Drone1",[498.29199999999997,270,-228.62299999999999],1,[0,0,0,0],[0.10000000000000001,0.10000000000000001,0.10000000000000001],30,"drone","79.69",
[1,0,0],20,"Drone1",[498.29199999999997,270,-228.62299999999999],1,[0,0,0,0],[0.10000000000000001,0.10000000000000001,0.10000000000000001],30,"drone","78.69",
[1,0,0],20,"Drone1",[498.29199999999997,270,-228.62299999999999],1,[0,0,0,0],[0.10000000000000001,0.10000000000000001,0.10000000000000001],30,"drone","77.69",
[1,0,0],20,"Drone1",[498.29199999999997,270,-228.62299999999999],1,[0,0,0,0],[0.10000000000000001,0.10000000000000001,0.10000000000000001],30,"drone","76.69",
[1,0,0],20,"Drone1",[498.29199999999997,270,-228.62299999999999],1,[0,0,0,0],[0.10000000000000001,0.10000000000000001,0.10000000000000001],30,"drone","75.69",
[1,0,0],20,"Drone1",[498.29199999999997,270,-228.62299999999999],1,[0,0,0,0],[0.10000000000000001,0.10000000000000001,0.10000000000000001],30,"drone","74.69",
[1,0,0],20,"Drone1",[498.29199999999997,270,-228.62299999999999],1,[0,0,0,0],[0.10000000000000001,0.10000000000000001,0.10000000000000001],30,"drone","73.69",
[1,0,0],20,"Drone1",[498.29199999999997,270,-228.62299999999999],1,[0,0,0,0],[0.10000000000000001,0.10000000000000001,0.10000000000000001],30,"drone","72.69",
[1,0,0],20,"Drone1",[498.29199999999997,270,-228.62299999999999],1,[0,0,0,0],[0.10000000000000001,0.10000000000000001,0.10000000000000001],30,"drone","71.69",
[1,0,0],20,"Drone1",[498.29199999999997,270,-228.62299999999999],1,[0,0,0,0],[0.10000000000000001,0.10000000000000001,0.10000000000000001],30,"drone","70.69",
[1,0,0],20,"Drone1",[498.29199999999997,270,-228.62299999999999],1,[0,0,0,0],[0.10000000000000001,0.10000000000000001,0.10000000000000001],30,"drone","69.69",
[1,0,0],20,"Drone1",[498.29199999999997,270,-228.62299999999999],1,[0,0,0,0],[0.10000000000000001,0.10000000000000001,0.10000000000000001],30,"drone","68.69",
[1,0,0],20,"Drone1",[498.29199999999997,270,-228.62299999999999],1,[0,0,0,0],[0.10000000000000001,0.10000000000000001,0.10000000000000001],30,"drone","67.69",
[1,0,0],20,"Drone1",[498.29199999999997,270,-228.62299999999999],1,[0,0,0,0],[0.10000000000000001,0.10000000000000001,0.10000000000000001],30,"drone","66.69",
[1,0,0],20,"Drone1",[498.29199999999997,270,-228.62299999999999],1,[0,0,0,0],[0.10000000000000001,0.10000000000000001,0.10000000000000001],30,"drone","65.69",
[1,0,0],20,"Drone1",[498.29199999999997,270,-228.62299999999999],1,[0,0,0,0],[0.10000000000000001,0.10000000000000001,0.10000000000000001],30,"drone","64.69",
[1,0,0],20,"Drone1",[498.29199999999997,270,-228.62299999999999],1,[0,0,0,0],[0.10000000000000001,0.10000000000000001,0.10000000000000001],30,"drone","63.69",
[1,0,0],20,"Drone1",[498.29199999999997,270,-228.62299999999999],1,[0,0,0,0],[0.10000000000000001,0.10000000000000001,0.10000000000000001],30,"drone","62.69",
[1,0,0],20,"Drone1",[498.29199999999997,270,-228.62299999999999],1,[0,0,0,0],[0.10000000000000001,0.10000000000000001,0.10000000000000001],30,"drone","61.69",
[1,0,0],20,"Drone1",[498.29199999999997,270,-228.62299999999999],1,[0,0,0,0],[0.10000000000000001,0.10000000000000001,0.10000000000000001],30,"drone","60.69",
[1,0,0],20,"Drone1",[498.29199999999997,270,-228.62299999999999],1,[0,0,0,0],[0.10000000000000001,0.10000000000000001,0.10000000000000001],30,"drone","59.69",
[1,0,0],20,"Drone1",[498.29199999999997,270,-228.62299999999999],1,[0,0,0,0],[0.10000000000000001,0.10000000000000001,0.10000000000000001],30,"drone","58.69",
[1,0,0],20,"Drone1",[498.29199999999997,270,-228.62299999999999],1,[0,0,0,0],[0.10000000000000001,0.10000000000000001,0.10000000000000001],30,"drone","57.69",
[1,0,0],20,"Drone1",[498.29199999999997,270,-228.62299999999999],1,[0,0,0,0],[0.10000000000000001,0.10000000000000001,0.10000000000000001],30,"drone","56.69",
[1,0,0],20,"Drone1",[498.29199999999997,270,-228.62299999999999],1,[0,0,0,0],[0.10000000000000001,0.10000000000000001,0.10000000000000001],30,"drone","55.69",
[1,0,0],20,"Drone1",[498.29199999999997,270,-228.62299999999999],1,[0,0,0,0],[0.10000000000000001,0.10000000000000001,0.10000000000000001],30,"drone","54.69",
[1,0,0],20,"Drone1",[498.29199999999997,270,-228.62299999999999],1,[0,0,0,0],[0.10000000000000001,0.10000000000000001,0.10000000000000001],30,"drone","53.69",
[1,0,0],20,"Drone1",[498.29199999999997,270,-228.62299999999999],1,[0,0,0,0],[0.10000000000000001,0.10000000000000001,0.10000000000000001],30,"drone","52.69",
[1,0,0],20,"Drone1",[498.29199999999997,270,-228.62299999999999],1,[0,0,0,0],[0.10000000000000001,0.10000000000000001,0.10000000000000001],30,"drone","51.69",
[1,0,0],20,"Drone1",[498.29199999999997,270,-228.62299999999999],1,[0,0,0,0],[0.10000000000000001,0.10000000000000001,0.10000000000000001],30,"drone","50.69",
[1,0,0],20,"Drone1",[498.29199999999997,270,-228.62299999999999],1,[0,0,0,0],[0.10000000000000001,0.10000000000000001,0.10000000000000001],30,"drone","49.69",
[1,0,0],20,"Drone1",[498.29199999999997,270,-228.62299999999999],1,[0,0,0,0],[0.10000000000000001,0.10000000000000001,0.10000000000000001],30,"drone","48.69",
[1,0,0],20,"Drone1",[498.29199999999997,270,-228.62299999999999],1,[0,0,0,0],[0.10000000000000001,0.10000000000000001,0.10000000000000001],30,"drone","47.69",
[1,0,0],20,"Drone1",[498.29199999999997,270,-228.62299999999999],1,[0,0,0,0],[0.10000000000000001,0.10000000000000001,0.10000000000000001],30,"drone","46.69",
[1,0,0],20,"Drone1",[498.29199999999997,270,-228.62299999999999],1,[0,0,0,0],[0.10000000000000001,0.10000000000000001,0.10000000000000001],30,"drone","45.69",
[1,0,0],20,"Drone1",[498.29199999999997,270,-228.62299999999999],1,[0,0,0,0],[0.10000000000000001,0.10000000000000001,0.10000000000000001],30,"drone","44.69",
[1,0,0],20,"Drone1",[498.29199999999997,270,-228.62299999999999],1,[0,0,0,0],[0.10000000000000001,0.10000000000000001,0.10000000000000001],30,"drone","43.69",
[1,0,0],20,"Drone1",[498.29199999999997,270,-228.62299999999999],1,[0,0,0,0],[0.10000000000000001,0.10000000000000001,0.10000000000000001],30,"drone","42.69",
[1,0,0],20,"Drone1",[498.29199999999997,270,-228.62299999999999],1,[0,0,0,0],[0.10000000000000001,0.10000000000000001,0.10000000000000001],30,"drone","41.69",
[1,0,0],20,"Drone1",[498.29199999999997,270,-228.62299999999999],1,[0,0,0,0],[0.10000000000000001,0.10000000000000001,0.10000000000000001],30,"drone","40.69",
[1,0,0],20,"Drone1",[498.29199999999997,270,-228.62299999999999],1,[0,0,0,0],[0.10000000000000001,0.10000000000000001,0.10000000000000001],30,"drone","39.69",
[1,0,0],20,"Drone1",[498.29199999999997,270,-228.62299999999999],1,[0,0,0,0],[0.10000000000000001,0.10000000000000001,0.10000000000000001],30,"drone","38.69",
[1,0,0],20,"Drone1",[498.29199999999997,270,-228.62299999999999],1,[0,0,0,0],[0.10000000000000001,0.10000000000000001,0.10000000000000001],30,"drone","37.69",
[1,0,0],20,"Drone1",[498.29199999999997,270,-228.62299999999999],1,[0,0,0,0],[0.10000000000000001,0.10000000000000001,0.10000000000000001],30,"drone","36.69",
[1,0,0],20,"Drone1",[498.29199999999997,270,-228.62299999999999],1,[0,0,0,0],[0.10000000000000001,0.10000000000000001,0.10000000000000001],30,"drone","35.69",
[1,0,0],20,"Drone1",[498.29199999999997,270,-228.62299999999999],1,[0,0,0,0],[0.10000000000000001,0.10000000000000001,0.10000000000000001],30,"drone","34.69",
[1,0,0],20,"Drone1",[498.29199999999997,270,-228.62299999999999],1,[0,0,0,0],[0.10000000000000001,0.10000000000000001,0.10000000000000001],30,"drone","33.69",
[1,0,0],20,"Drone1",[498.29199999999997,270,-228.62299999999999],1,[0,0,0,0],[0.10000000000000001,0.10000000000000001,0.10000000000000001],30,"drone","32.69",
[1,0,0],20,"Drone1",[498.29199999999997,270,-228.62299999999999],1,[0,0,0,0],[0.10000000000000001,0.10000000000000001,0.10000000000000001],30,"drone","31.69",
[1,0,0],20,"Drone1",[498.29199999999997,270,-228.62299999999999],1,[0,0,0,0],[0.10000000000000001,0.10000000000000001,0.10000000000000001],30,"drone","30.69",
[1,0,0],20,"Drone1",[498.29199999999997,270,-228.62299999999999],1,[0,0,0,0],[0.10000000000000001,0.10000000000000001,0.10000000000000001],30,"drone","29.69",
[1,0,0],20,"Drone1",[498.29199999999997,270,-228.62299999999999],1,[0,0,0,0],[0.10000000000000001,0.10000000000000001,0.10000000000000001],30,"drone","28.69",
[1,0,0],20,"Drone1",[498.29199999999997,270,-228.62299999999999],1,[0,0,0,0],[0.10000000000000001,0.10000000000000001,0.10000000000000001],30,"drone","27.69",
[1,0,0],20,"Drone1",[498.29199999999997,270,-228.62299999999999],1,[0,0,0,0],[0.10000000000000001,0.10000000000000001,0.10000000000000001],30,"drone","26.69",
[1,0,0],20,"Drone1",[498.29199999999997,270,-228.62299999999999],1,[0,0,0,0],[0.10000000000000001,0.10000000000000001,0.10000000000000001],30,"drone","25.69",
[1,0,0],20,"Drone1",[498.29199999999997,270,-228.62299999999999],1,[0,0,0,0],[0.10000000000000001,0.10000000000000001,0.10000000000000001],30,"drone","24.69",
[1,0,0],20,"Drone1",[498.29199999999997,270,-228.62299999999999],1,[0,0,0,0],[0.10000000000000001,0.10000000000000001,0.10000000000000001],30,"drone","23.69",
[1,0,0],20,"Drone1",[498.29199999999997,270,-228.62299999999999],1,[0,0,0,0],[0.10000000000000001,0.10000000000000001,0.10000000000000001],30,"drone","22.69",
[1,0,0],20,"Drone1",[498.29199999999997,270,-228.62299999999999],1,[0,0,0,0],[0.10000000000000001,0.10000000000000001,0.10000000000000001],30,"drone","21.69",
[1,0,0],20,"Drone1",[498.29199999999997,270,-228.62299999999999],1,[0,0,0,0],[0.10000000000000001,0.10000000000000001,0.10000000000000001],30,"drone","20.69",
[1,0,0],20,"Drone1",[498.29199999999997,270,-228.62299999999999],1,[0,0,0,0],[0.10000000000000001,0.10000000000000001,0.10000000000000001],30,"drone","19.69",
[1,0,0],20,"Drone1",[498.29199999999997,270,-228.62299999999999],1,[0,0,0,0],[0.10000000000000001,0.10000000000000001,0.10000000000000001],30,"drone","18.69",
[1,0,0],20,"Drone1",[498.29199999999997,270,-228.62299999999999],1,[0,0,0,0],[0.10000000000000001,0.10000000000000001,0.10000000000000001],30,"drone","17.69",
[1,0,0],20,"Drone1",[498.29199999999997,270,-228.62299999999999],1,[0,0,0,0],[0.10000000000000001,0.10000000000000001,0.10000000000000001],30,"drone","16.69",
[1,0,0],20,"Drone1",[498.29199999999997,270,-228.62299999999999],1,[0,0,0,0],[0.10000000000000001,0.10000000000000001,0.10000000000000001],30,"drone","15.69",
[1,0,0],20,"Drone1",[498.29199999999997,270,-228.62299999999999],1,[0,0,0,0],[0.10000000000000001,0.10000000000000001,0.10000000000000001],30,"drone","14.69",
[1,0,0],20,"Drone1",[498.29199999999997,270,-228.62299999999999],1,[0,0,0,0],[0.10000000000000001,0.10000000000000001,0.10000000000000001],30,"drone","13.69",
[1,0,0],20,"Drone1",[498.29199999999997,270,-228.62299999999999],1,[0,0,0,0],[0.10000000000000001,0.10000000000000001,0.10000000000000001],30,"drone","12.69",
[1,0,0],20,"Drone1",[498.29199999999997,270,-228.62299999999999],1,[0,0,0,0],[0.10000000000000001,0.10000000000000001,0.10000000000000001],30,"drone","11.69",
[1,0,0],20,"Drone1",[498.29199999999997,270,-228.62299999999999],1,[0,0,0,0],[0.10000000000000001,0.10000000000000001,0.10000000000000001],30,"drone","10.69",
[1,0,0],20,"Drone1",[498.29199999999997,270,-228.62299999999999],1,[0,0,0,0],[0.10000000000000001,0.10000000000000001,0.10000000000000001],30,"drone","9.69",
[1,0,0],20,"Drone1",[498.29199999999997,270,-228.62299999999999],1,[0,0,0,0],[0.10000000000000001,0.10000000000000001,0.10000000000000001],30,"drone","8.69",
[1,0,0],20,"Drone1",[498.29199999999997,270,-228.62299999999999],1,[0,0,0,0],[0.10000000000000001,0.10000000000000001,0.10000000000000001],30,"drone","7.69",
[1,0,0],20,"Drone1",[498.29199999999997,270,-228.62299999999999],1,[0,0,0,0],[0.10000000000000001,0.10000000000000001,0.10000000000000001],30,"drone","6.69",
[1,0,0],20,"Drone1",[498.29199999999997,270,-228.62299999999999],1,[0,0,0,0],[0.10000000000000001,0.10000000000000001,0.10000000000000001],30,"drone","6.68",
[1,0,0],20,"Drone1",[498.29199999999997,270,-228.62299999999999],1,[0,0,0,0],[0.10000000000000001,0.10000000000000001,0.10000000000000001],30,"drone","16.68",
[1,0,0],20,"Drone1",[498.29199999999997,270,-228.62299999999999],1,[0,0,0,0],[0.10000000000000001,0.10000000000000001,0.10000000000000001],30,"drone","26.68",
[1,0,0],20,"Drone1",[498.29199999999997,270,-228.62299999999999],1,[0,0,0,0],[0.10000000000000001,0.10000000000000001,0.10000000000000001],30,"drone","36.68",
[1,0,0],20,"Drone1",[498.29199999999997,270,-228.62299999999999],1,[0,0,0,0],[0.10000000000000001,0.10000000000000001,0.10000000000000001],30,"drone","46.68",
[1,0,0],20,"Drone1",[498.29199999999997,270,-228.62299999999999],1,[0,0,0,0],[0.10000000000000001,0.10000000000000001,0.10000000000000001],30,"drone","56.68",
[1,0,0],20,"Drone1",[498.29199999999997,270,-228.62299999999999],1,[0,0,0,0],[0.10000000000000001,0.10000000000000001,0.10000000000000001],30,"drone","66.68",
[1,0,0],20,"Drone1",[498.29199999999997,270,-228.62299999999999],1,[0,0,0,0],[0.10000000000000001,0.10000000000000001,0.10000000000000001],30,"drone","76.68",
[1,0,0],20,"Drone1",[498.29199999999997,270,-228.62299999999999],1,[0,0,0,0],[0.10000000000000001,0.10000000000000001,0.10000000000000001],30,"drone","79.42",
[1,0,0],20,"Drone1",[498.29199999999997,270,-228.62299999999999],1,[0,0,0,0],[0.10000000000000001,0.10000000000000001,0.10000000000000001],30,"drone","78.42",
[1,0,0],20,"Drone1",[498.29199999999997,270,-228.62299999999999],1,[0,0,0,0],[0.10000000000000001,0.10000000000000001,0.10000000000000001],30,"drone","77.42",
[1,0,0],20,"Drone1",[498.29199999999997,270,-228.62299999999999],1,[0,0,0,0],[0.10000000000000001,0.10000000000000001,0.10000000000000001],30,"drone","76.42",
[1,0,0],20,"Drone1",[498.29199999999997,270,-228.62299999999999],1,[0,0,0,0],[0.10000000000000001,0.10000000000000001,0.10000000000000001],30,"drone","75.42",
[1,0,0],20,"Drone1",[498.29199999999997,270,-228.62299999999999],1,[0,0,0,0],[0.10000000000000001,0.10000000000000001,0.10000000000000001],30,"drone","74.42",
[1,0,0],20,"Drone1",[498.29199999999997,270,-228.62299999999999],1,[0,0,0,0],[0.10000000000000001,0.10000000000000001,0.10000000000000001],30,"drone","73.42",
[1,0,0],20,"Drone1",[498.29199999999997,270,-228.62299999999999],1,[0,0,0,0],[0.10000000000000001,0.10000000000000001,0.10000000000000001],30,"drone","72.42",
[1,0,0],20,"Drone1",[498.29199999999997,270,-228.62299999999999],1,[0,0,0,0],[0.10000000000000001,0.10000000000000001,0.10000000000000001],30,"drone","71.42",
[1,0,0],20,"Drone1",[498.29199999999997,270,-228.62299999999999],1,[0,0,0,0],[0.10000000000000001,0.10000000000000001,0.10000000000000001],30,"drone","70.42",
[1,0,0],20,"Drone1",[498.29199999999997,270,-228.62299999999999],1,[0,0,0,0],[0.10000000000000001,0.10000000000000001,0.10000000000000001],30,"drone","69.42",
[1,0,0],20,"Drone1",[498.29199999999997,270,-228.62299999999999],1,[0,0,0,0],[0.10000000000000001,0.10000000000000001,0.10000000000000001],30,"drone","68.42",
[1,0,0],20,"Drone1",[498.29199999999997,270,-228.62299999999999],1,[0,0,0,0],[0.10000000000000001,0.10000000000000001,0.10000000000000001],30,"drone","67.42",
[1,0,0],20,"Drone1",[498.29199999999997,270,-228.62299999999999],1,[0,0,0,0],[0.10000000000000001,0.10000000000000001,0.10000000000000001],30,"drone","66.42",
[1,0,0],20,"Drone1",[498.29199999999997,270,-228.62299999999999],1,[0,0,0,0],[0.10000000000000001,0.10000000000000001,0.10000000000000001],30,"drone","65.42",
[1,0,0],20,"Drone1",[498.29199999999997,270,-228.62299999999999],1,[0,0,0,0],[0.10000000000000001,0.10000000000000001,0.10000000000000001],30,"drone","64.42",
[1,0,0],20,"Drone1",[498.29199999999997,270,-228.62299999999999],1,[0,0,0,0],[0.10000000000000001,0.10000000000000001,0.10000000000000001],30,"drone","63.42",
[1,0,0],20,"Drone1",[498.29199999999997,270,-228.62299999999999],1,[0,0,0,0],[0.10000000000000001,0.10000000000000001,0.10000000000000001],30,"drone","62.42",
[1,0,0],20,"Drone1",[498.29199999999997,270,-228.62299999999999],1,[0,0,0,0],[0.10000000000000001,0.10000000000000001,0.10000000000000001],30,"drone","61.42",
[1,0,0],20,"Drone1",[498.29199999999997,270,-228.62299999999999],1,[0,0,0,0],[0.10000000000000001,0.10000000000000001,0.10000000000000001],30,"drone","60.42",
[1,0,0],20,"Drone1",[498.29199999999997,270,-228.62299999999999],1,[0,0,0,0],[0.10000000000000001,0.10000000000000001,0.10000000000000001],30,"drone","59.42",
[1,0,0],20,"Drone1",[498.29199999999997,270,-228.62299999999999],1,[0,0,0,0],[0.10000000000000001,0.10000000000000001,0.10000000000000001],30,"drone","58.42",
[1,0,0],20,"Drone1",[498.29199999999997,270,-228.62299999999999],1,[0,0,0,0],[0.10000000000000001,0.10000000000000001,0.10000000000000001],30,"drone","57.42",
[1,0,0],20,"Drone1",[498.29199999999997,270,-228.62299999999999],1,[0,0,0,0],[0.10000000000000001,0.10000000000000001,0.10000000000000001],30,"drone","56.42",
[1,0,0],20,"Drone1",[498.29199999999997,270,-228.62299999999999],1,[0,0,0,0],[0.10000000000000001,0.10000000000000001,0.10000000000000001],30,"drone","55.42",
[1,0,0],20,"Drone1",[498.29199999999997,270,-228.62299999999999],1,[0,0,0,0],[0.10000000000000001,0.10000000000000001,0.10000000000000001],30,"drone","54.42",
[1,0,0],20,"Drone1",[498.29199999999997,270,-228.62299999999999],1,[0,0,0,0],[0.10000000000000001,0.10000000000000001,0.10000000000000001],30,"drone","53.42",
[1,0,0],20,"Drone1",[498.29199999999997,270,-228.62299999999999],1,[0,0,0,0],[0.10000000000000001,0.10000000000000001,0.10000000000000001],30,"drone","52.42",
[1,0,0],20,"Drone1",[498.29199999999997,270,-228.62299999999999],1,[0,0,0,0],[0.10000000000000001,0.10000000000000001,0.10000000000000001],30,"drone","51.42",
[1,0,0],20,"Drone1",[498.29199999999997,270,-228.62299999999999],1,[0,0,0,0],[0.10000000000000001,0.10000000000000001,0.10000000000000001],30,"drone","50.42",
[1,0,0],20,"Drone1",[498.29199999999997,270,-228.62299999999999],1,[0,0,0,0],[0.10000000000000001,0.10000000000000001,0.10000000000000001],30,"drone","49.42",
[1,0,0],20,"Drone1",[498.29199999999997,270,-228.62299999999999],1,[0,0,0,0],[0.10000000000000001,0.10000000000000001,0.10000000000000001],30,"drone","48.42",
[1,0,0],20,"Drone1",[498.29199999999997,270,-228.62299999999999],1,[0,0,0,0],[0.10000000000000001,0.10000000000000001,0.10000000000000001],30,"drone","47.42",
[1,0,0],20,"Drone1",[498.29199999999997,270,-228.62299999999999],1,[0,0,0,0],[0.10000000000000001,0.10000000000000001,0.10000000000000001],30,"drone","46.42",
[1,0,0],20,"Drone1",[498.29199999999997,270,-228.62299999999999],1,[0,0,0,0],[0.10000000000000001,0.10000000000000001,0.10000000000000001],30,"drone","45.42",
[1,0,0],20,"Drone1",[498.29199999999997,270,-228.62299999999999],1,[0,0,0,0],[0.10000000000000001,0.10000000000000001,0.10000000000000001],30,"drone","44.42",
[1,0,0],20,"Drone1",[498.29199999999997,270,-228.62299999999999],1,[0,0,0,0],[0.10000000000000001,0.10000000000000001,0.10000000000000001],30,"drone","43.42",
[1,0,0],20,"Drone1",[498.29199999999997,270,-228.62299999999999],1,[0,0,0,0],[0.10000000000000001,0.10000000000000001,0.10000000000000001],30,"drone","42.42",
[1,0,0],20,"Drone1",[498.29199999999997,270,-228.62299999999999],1,[0,0,0,0],[0.10000000000000001,0.10000000000000001,0.10000000000000001],30,"drone","41.42",
[1,0,0],20,"Drone1",[498.29199999999997,270,-228.62299999999999],1,[0,0,0,0],[0.10000000000000001,0.10000000000000001,0.10000000000000001],30,"drone","40.42",
[1,0,0],20,"Drone1",[498.29199999999997,270,-228.62299999999999],1,[0,0,0,0],[0.10000000000000001,0.10000000000000001,0.10000000000000001],30,"drone","39.42",
[1,0,0],20,"Drone1",[498.29199999999997,270,-228.62299999999999],1,[0,0,0,0],[0.10000000000000001,0.10000000000000001,0.10000000000000001],30,"drone","38.42",
[1,0,0],20,"Drone1",[498.29199999999997,270,-228.62299999999999],1,[0,0,0,0],[0.10000000000000001,0.10000000000000001,0.10000000000000001],30,"drone","37.42",
[1,0,0],20,"Drone1",[498.29199999999997,270,-228.62299999999999],1,[0,0,0,0],[0.10000000000000001,0.10000000000000001,0.10000000000000001],30,"drone","36.42",
[1,0,0],20,"Drone1",[498.29199999999997,270,-228.62299999999999],1,[0,0,0,0],[0.10000000000000001,0.10000000000000001,0.10000000000000001],30,"drone","35.42",
[1,0,0],20,"Drone1",[498.29199999999997,270,-228.62299999999999],1,[0,0,0,0],[0.10000000000000001,0.10000000000000001,0.10000000000000001],30,"drone","34.42",
[1,0,0],20,"Drone1",[498.29199999999997,270,-228.62299999999999],1,[0,0,0,0],[0.10000000000000001,0.10000000000000001,0.10000000000000001],30,"drone","33.42",
[1,0,0],20,"Drone1",[498.29199999999997,270,-228.62299999999999],1,[0,0,0,0],[0.10000000000000001,0.10000000000000001,0.10000000000000001],30,"drone","32.42",
[1,0,0],20,"Drone1",[498.29199999999997,270,-228.62299999999999],1,[0,0,0,0],[0.10000000000000001,0.10000000000000001,0.10000000000000001],30,"drone","31.42",
[1,0,0],20,"Drone1",[498.29199999999997,270,-228.62299999999999],1,[0,0,0,0],[0.10000000000000001,0.10000000000000001,0.10000000000000001],30,"drone","30.42",
[1,0,0],20,"Drone1",[498.29199999999997,270,-228.62299999999999],1,[0,0,0,0],[0.10000000000000001,0.10000000000000001,0.10000000000000001],30,"drone","29.42",
[1,0,0],20,"Drone1",[498.29199999999997,270,-228.62299999999999],1,[0,0,0,0],[0.10000000000000001,0.10000000000000001,0.10000000000000001],30,"drone","28.42",
[1,0,0],20,"Drone1",[498.29199999999997,270,-228.62299999999999],1,[0,0,0,0],[0.10000000000000001,0.10000000000000001,0.10000000000000001],30,"drone","27.42",
[1,0,0],20,"Drone1",[498.29199999999997,270,-228.62299999999999],1,[0,0,0,0],[0.10000000000000001,0.10000000000000001,0.10000000000000001],30,"drone","26.42",
[1,0,0],20,"Drone1",[498.29199999999997,270,-228.62299999999999],1,[0,0,0,0],[0.10000000000000001,0.10000000000000001,0.10000000000000001],30,"drone","25.42",
[1,0,0],20,"Drone1",[498.29199999999997,270,-228.62299999999999],1,[0,0,0,0],[0.10000000000000001,0.10000000000000001,0.10000000000000001],30,"drone","24.42",
[1,0,0],20,"Drone1",[498.29199999999997,270,-228.62299999999999],1,[0,0,0,0],[0.10000000000000001,0.10000000000000001,0.10000000000000001],30,"drone","23.42",
[1,0,0],20,"Drone1",[498.29199999999997,270,-228.62299999999999],1,[0,0,0,0],[0.10000000000000001,0.10000000000000001,0.10000000000000001],30,"drone","22.42",
[1,0,0],20,"Drone1",[498.29199999999997,270,-228.62299999999999],1,[0,0,0,0],[0.10000000000000001,0.10000000000000001,0.10000000000000001],30,"drone","21.42",
[1,0,0],20,"Drone1",[498.29199999999997,270,-228.62299999999999],1,[0,0,0,0],[0.10000000000000001,0.10000000000000001,0.10000000000000001],30,"drone","20.42",
[1,0,0],20,"Drone1",[498.29199999999997,270,-228.62299999999999],1,[0,0,0,0],[0.10000000000000001,0.10000000000000001,0.10000000000000001],30,"drone","19.42",
[1,0,0],20,"Drone1",[498.29199999999997,270,-228.62299999999999],1,[0,0,0,0],[0.10000000000000001,0.10000000000000001,0.10000000000000001],30,"drone","18.42",
[1,0,0],20,"Drone1",[498.29199999999997,270,-228.62299999999999],1,[0,0,0,0],[0.10000000000000001,0.10000000000000001,0.10000000000000001],30,"drone","17.42",
[1,0,0],20,"Drone1",[498.29199999999997,270,-228.62299999999999],1,[0,0,0,0],[0.10000000000000001,0.10000000000000001,0.10000000000000001],30,"drone","16.42",
[1,0,0],20,"Drone1",[498.29199999999997,270,-228.62299999999999],1,[0,0,0,0],[0.10000000000000001,0.10000000000000001,0.10000000000000001],30,"drone","15.42",
[1,0,0],20,"Drone1",[498.29199999999997,270,-228.62299999999999],1,[0,0,0,0],[0.10000000000000001,0.10000000000000001,0.10000000000000001],30,"drone","14.42",
[1,0,0],20,"Drone1",[498.29199999999997,270,-228.62299999999999],1,[0,0,0,0],[0.10000000000000001,0.10000000000000001,0.10000000000000001],30,"drone","13.42",
[1,0,0],20,"Drone1",[498.29199999999997,270,-228.62299999999999],1,[0,0,0,0],[0.10000000000000001,0.10000000000000001,0.10000000000000001],30,"drone","12.42",
[1,0,0],20,"Drone1",[498.29199999999997,270,-228.62299999999999],1,[0,0,0,0],[0.10000000000000001,0.10000000000000001,0.10000000000000001],30,"drone","11.42",
[1,0,0],20,"Drone1",[498.29199999999997,270,-228.62299999999999],1,[0,0,0,0],[0.10000000000000001,0.10000000000000001,0.10000000000000001],30,"drone","10.42",
[1,0,0],20,"Drone1",[498.29199999999997,270,-228.62299999999999],1,[0,0,0,0],[0.10000000000000001,0.10000000000000001,0.10000000000000001],30,"drone","9.42",
[1,0,0],20,"Drone1",[498.29199999999997,270,-228.62299999999999],1,[0,0,0,0],[0.10000000000000001,0.10000000000000001,0.10000000000000001],30,"drone","8.42",
[1,0,0],20,"Drone1",[498.29199999999997,270,-228.62299999999999],1,[0,0,0,0],[0.10000000000000001,0.10000000000000001,0.10000000000000001],30,"drone","7.42",
[1,0,0],20,"Drone1",[498.29199999999997,270,-228.62299999999999],1,[0,0,0,0],[0.10000000000000001,0.10000000000000001,0.10000000000000001],30,"drone","6.42",
[1,0,0],20,"Drone1",[498.29199999999997,270,-228.62299999999999],1,[0,0,0,0],[0.10000000000000001,0.10000000000000001,0.10000000000000001],30,"drone","5.42",
[1,0,0],20,"Drone1",[498.29199999999997,270,-228.62299999999999],1,[0,0,0,0],[0.10000000000000001,0.10000000000000001,0.10000000000000001],30,"drone","4.42",
[1,0,0],20,"Drone1",[498.29199999999997,270,-228.62299999999999],1,[0,0,0,0],[0.10000000000000001,0.10000000000000001,0.10000000000000001],30,"drone","3.42",
[1,0,0],20,"Drone1",[498.29199999999997,270,-228.62299999999999],1,[0,0,0,0],[0.10000000000000001,0.10000000000000001,0.10000000000000001],30,"drone","2.42",
[1,0,0],20,"Drone1",[498.29199999999997,270,-228.62299999999999],1,[0,0,0,0],[0.10000000000000001,0.10000000000000001,0.10000000000000001],30,"drone","4.61",
[1,0,0],20,"Drone1",[498.29199999999997,270,-228.62299999999999],1,[0,0,0,0],[0.10000000000000001,0.10000000000000001,0.10000000000000001],30,"drone","14.61",
[1,0,0],20,"Drone1",[498.29199999999997,270,-228.62299999999999],1,[0,0,0,0],[0.10000000000000001,0.10000000000000001,0.10000000000000001],30,"drone","24.61",
[1,0,0],20,"Drone1",[498.29199999999997,270,-228.62299999999999],1,[0,0,0,0],[0.10000000000000001,0.10000000000000001,0.10000000000000001],30,"drone","34.61",
[1,0,0],20,"Drone1",[498.29199999999997,270,-228.62299999999999],1,[0,0,0,0],[0.10000000000000001,0.10000000000000001,0.10000000000000001],30,"drone","44.61",
[1,0,0],20,"Drone1",[498.29199999999997,270,-228.62299999999999],1,[0,0,0,0],[0.10000000000000001,0.10000000000000001,0.10000000000000001],30,"drone","54.61",
[1,0,0],20,"Drone1",[498.29199999999997,270,-228.62299999999999],1,[0,0,0,0],[0.10000000000000001,0.10000000000000001,0.10000000000000001],30,"drone","64.61",
[1,0,0],20,"Drone1",[498.29199999999997,270,-228.62299999999999],1,[0,0,0,0],[0.10000000000000001,0.10000000000000001,0.10000000000000001],30,"drone","74.61",
[1,0,0],20,"Drone1",[498.29199999999997,270,-228.62299999999999],1,[0,0,0,0],[0.10000000000000001,0.10000000000000001,0.10000000000000001],30,"drone","79.55",
[1,0,0],20,"Drone1",[498.29199999999997,270,-228.62299999999999],1,[0,0,0,0],[0.10000000000000001,0.10000000000000001,0.10000000000000001],30,"drone","78.55",
[1,0,0],20,"Drone1",[498.29199999999997,270,-228.62299999999999],1,[0,0,0,0],[0.10000000000000001,0.10000000000000001,0.10000000000000001],30,"drone","77.55",
[1,0,0],20,"Drone1",[498.29199999999997,270,-228.62299999999999],1,[0,0,0,0],[0.10000000000000001,0.10000000000000001,0.10000000000000001],30,"drone","76.55",
[1,0,0],20,"Drone1",[498.29199999999997,270,-228.62299999999999],1,[0,0,0,0],[0.10000000000000001,0.10000000000000001,0.10000000000000001],30,"drone","75.55",
[1,0,0],20,"Drone1",[498.29199999999997,270,-228.62299999999999],1,[0,0,0,0],[0.10000000000000001,0.10000000000000001,0.10000000000000001],30,"drone","74.55",
[1,0,0],20,"Drone1",[498.29199999999997,270,-228.62299999999999],1,[0,0,0,0],[0.10000000000000001,0.10000000000000001,0.10000000000000001],30,"drone","73.55",
[1,0,0],20,"Drone1",[498.29199999999997,270,-228.62299999999999],1,[0,0,0,0],[0.10000000000000001,0.10000000000000001,0.10000000000000001],30,"drone","72.55",
[1,0,0],20,"Drone1",[498.29199999999997,270,-228.62299999999999],1,[0,0,0,0],[0.10000000000000001,0.10000000000000001,0.10000000000000001],30,"drone","71.55",
[1,0,0],20,"Drone1",[498.29199999999997,270,-228.62299999999999],1,[0,0,0,0],[0.10000000000000001,0.10000000000000001,0.10000000000000001],30,"drone","70.55",
[1,0,0],20,"Drone1",[498.29199999999997,270,-228.62299999999999],1,[0,0,0,0],[0.10000000000000001,0.10000000000000001,0.10000000000000001],30,"drone","69.55",
[1,0,0],20,"Drone1",[498.29199999999997,270,-228.62299999999999],1,[0,0,0,0],[0.10000000000000001,0.10000000000000001,0.10000000000000001],30,"drone","68.55",
[1,0,0],20,"Drone1",[498.29199999999997,270,-228.62299999999999],1,[0,0,0,0],[0.10000000000000001,0.10000000000000001,0.10000000000000001],30,"drone","67.55",
[1,0,0],20,"Drone1",[498.29199999999997,270,-228.62299999999999],1,[0,0,0,0],[0.10000000000000001,0.10000000000000001,0.10000000000000001],30,"drone","66.55",
[1,0,0],20,"Drone1",[498.29199999999997,270,-228.62299999999999],1,[0,0,0,0],[0.10000000000000001,0.10000000000000001,0.10000000000000001],30,"drone","65.55",
[1,0,0],20,"Drone1",[498.29199999999997,270,-228.62299999999999],1,[0,0,0,0],[0.10000000000000001,0.10000000000000001,0.10000000000000001],30,"drone","64.55",
[1,0,0],20,"Drone1",[498.29199999999997,270,-228.62299999999999],1,[0,0,0,0],[0.10000000000000001,0.10000000000000001,0.10000000000000001],30,"drone","63.55",
[1,0,0],20,"Drone1",[498.29199999999997,270,-228.62299999999999],1,[0,0,0,0],[0.10000000000000001,0.10000000000000001,0.10000000000000001],30,"drone","62.55",
[1,0,0],20,"Drone1",[498.29199999999997,270,-228.62299999999999],1,[0,0,0,0],[0.10000000000000001,0.10000000000000001,0.10000000000000001],30,"drone","61.55",
[1,0,0],20,"Drone1",[498.29199999999997,270,-228.62299999999999],1,[0,0,0,0],[0.10000000000000001,0.10000000000000001,0.10000000000000001],30,"drone","60.55",
[1,0,0],20,"Drone1",[498.29199999999997,270,-228.62299999999999],1,[0,0,0,0],[0.10000000000000001,0.10000000000000001,0.10000000000000001],30,"drone","59.55",
[1,0,0],20,"Drone1",[498.29199999999997,270,-228.62299999999999],1,[0,0,0,0],[0.10000000000000001,0.10000000000000001,0.10000000000000001],30,"drone","58.55",
[1,0,0],20,"Drone1",[498.29199999999997,270,-228.62299999999999],1,[0,0,0,0],[0.10000000000000001,0.10000000000000001,0.10000000000000001],30,"drone","57.55",
[1,0,0],20,"Drone1",[498.29199999999997,270,-228.62299999999999],1,[0,0,0,0],[0.10000000000000001,0.10000000000000001,0.10000000000000001],30,"drone","56.55",
[1,0,0],20,"Drone1",[498.29199999999997,270,-228.62299999999999],1,[0,0,0,0],[0.10000000000000001,0.10000000000000001,0.10000000000000001],30,"drone","55.55",
[1,0,0],20,"Drone1",[498.29199999999997,270,-228.62299999999999],1,[0,0,0,0],[0.10000000000000001,0.10000000000000001,0.10000000000000001],30,"drone","54.55",
[1,0,0],20,"Drone1",[498.29199999999997,270,-228.62299999999999],1,[0,0,0,0],[0.10000000000000001,0.10000000000000001,0.10000000000000001],30,"drone","53.55",
[1,0,0],20,"Drone1",[498.29199999999997,270,-228.62299999999999],1,[0,0,0,0],[0.10000000000000001,0.10000000000000001,0.10000000000000001],30,"drone","52.55",
[1,0,0],20,"Drone1",[498.29199999999997,270,-228.62299999999999],1,[0,0,0,0],[0.10000000000000001,0.10000000000000001,0.10000000000000001],30,"drone","51.55",
[1,0,0],20,"Drone1",[498.29199999999997,270,-228.62299999999999],1,[0,0,0,0],[0.10000000000000001,0.10000000000000001,0.10000000000000001],30,"drone","50.55",
[1,0,0],20,"Drone1",[498.29199999999997,270,-228.62299999999999],1,[0,0,0,0],[0.10000000000000001,0.10000000000000001,0.10000000000000001],30,"drone","49.55",
[1,0,0],20,"Drone1",[498.29199999999997,270,-228.62299999999999],1,[0,0,0,0],[0.10000000000000001,0.10000000000000001,0.10000000000000001],30,"drone","48.55",
[1,0,0],20,"Drone1",[498.29199999999997,270,-228.62299999999999],1,[0,0,0,0],[0.10000000000000001,0.10000000000000001,0.10000000000000001],30,"drone","47.55",
[1,0,0],20,"Drone1",[498.29199999999997,270,-228.62299999999999],1,[0,0,0,0],[0.10000000000000001,0.10000000000000001,0.10000000000000001],30,"drone","46.55",
[1,0,0],20,"Drone1",[498.29199999999997,270,-228.62299999999999],1,[0,0,0,0],[0.10000000000000001,0.10000000000000001,0.10000000000000001],30,"drone","45.55",
[1,0,0],20,"Drone1",[498.29199999999997,270,-228.62299999999999],1,[0,0,0,0],[0.10000000000000001,0.10000000000000001,0.10000000000000001],30,"drone","44.55",
[1,0,0],20,"Drone1",[498.29199999999997,270,-228.62299999999999],1,[0,0,0,0],[0.10000000000000001,0.10000000000000001,0.10000000000000001],30,"drone","43.55",
[1,0,0],20,"Drone1",[498.29199999999997,270,-228.62299999999999],1,[0,0,0,0],[0.10000000000000001,0.10000000000000001,0.10000000000000001],30,"drone","42.55",
[1,0,0],20,"Drone1",[498.29199999999997,270,-228.62299999999999],1,[0,0,0,0],[0.10000000000000001,0.10000000000000001,0.10000000000000001],30,"drone","41.55",
[1,0,0],20,"Drone1",[498.29199999999997,270,-228.62299999999999],1,[0,0,0,0],[0.10000000000000001,0.10000000000000001,0.10000000000000001],30,"drone","40.55",
[1,0,0],20,"Drone1",[498.29199999999997,270,-228.62299999999999],1,[0,0,0,0],[0.10000000000000001,0.10000000000000001,0.10000000000000001],30,"drone","39.55",
[1,0,0],20,"Drone1",[498.29199999999997,270,-228.62299999999999],1,[0,0,0,0],[0.10000000000000001,0.10000000000000001,0.10000000000000001],30,"drone","38.55",
[1,0,0],20,"Drone1",[498.29199999999997,270,-228.62299999999999],1,[0,0,0,0],[0.10000000000000001,0.10000000000000001,0.10000000000000001],30,"drone","37.55",
[1,0,0],20,"Drone1",[498.29199999999997,270,-228.62299999999999],1,[0,0,0,0],[0.10000000000000001,0.10000000000000001,0.10000000000000001],30,"drone","36.55",
[1,0,0],20,"Drone1",[498.29199999999997,270,-228.62299999999999],1,[0,0,0,0],[0.10000000000000001,0.10000000000000001,0.10000000000000001],30,"drone","35.55",
[1,0,0],20,"Drone1",[498.29199999999997,270,-228.62299999999999],1,[0,0,0,0],[0.10000000000000001,0.10000000000000001,0.10000000000000001],30,"drone","34.55",
[1,0,0],20,"Drone1",[498.29199999999997,270,-228.62299999999999],1,[0,0,0,0],[0.10000000000000001,0.10000000000000001,0.10000000000000001],30,"drone","33.55",
[1,0,0],20,"Drone1",[498.29199999999997,270,-228.62299999999999],1,[0,0,0,0],[0.10000000000000001,0.10000000000000001,0.10000000000000001],30,"drone","32.55",
[1,0,0],20,"Drone1",[498.29199999999997,270,-228.62299999999999],1,[0,0,0,0],[0.10000000000000001,0.10000000000000001,0.10000000000000001],30,"drone","31.55",
[1,0,0],20,"Drone1",[498.29199999999997,270,-228.62299999999999],1,[0,0,0,0],[0.10000000000000001,0.10000000000000001,0.10000000000000001],30,"drone","30.55",
[1,0,0],20,"Drone1",[498.29199999999997,270,-228.62299999999999],1,[0,0,0,0],[0.10000000000000001,0.10000000000000001,0.10000000000000001],30,"drone","29.55",
[1,0,0],20,"Drone1",[498.29199999999997,270,-228.62299999999999],1,[0,0,0,0],[0.10000000000000001,0.10000000000000001,0.10000000000000001],30,"drone","28.55",
[1,0,0],20,"Drone1",[498.29199999999997,270,-228.62299999999999],1,[0,0,0,0],[0.10000000000000001,0.10000000000000001,0.10000000000000001],30,"drone","27.55",
[1,0,0],20,"Drone1",[498.29199999999997,270,-228.62299999999999],1,[0,0,0,0],[0.10000000000000001,0.10000000000000001,0.10000000000000001],30,"drone","26.55",
[1,0,0],20,"Drone1",[498.29199999999997,270,-228.62299999999999],1,[0,0,0,0],[0.10000000000000001,0.10000000000000001,0.10000000000000001],30,"drone","25.55",
[1,0,0],20,"Drone1",[498.29199999999997,270,-228.62299999999999],1,[0,0,0,0],[0.10000000000000001,0.10000000000000001,0.10000000000000001],30,"drone","24.55",
[1,0,0],20,"Drone1",[498.29199999999997,270,-228.62299999999999],1,[0,0,0,0],[0.10000000000000001,0.10000000000000001,0.10000000000000001],30,"drone","23.55",
[1,0,0],20,"Drone1",[498.29199999999997,270,-228.62299999999999],1,[0,0,0,0],[0.10000000000000001,0.10000000000000001,0.10000000000000001],30,"drone","22.55",
[1,0,0],20,"Drone1",[498.29199999999997,270,-228.62299999999999],1,[0,0,0,0],[0.10000000000000001,0.10000000000000001,0.10000000000000001],30,"drone","21.55",
[1,0,0],20,"Drone1",[498.29199999999997,270,-228.62299999999999],1,[0,0,0,0],[0.10000000000000001,0.10000000000000001,0.10000000000000001],30,"drone","20.55",
[1,0,0],20,"Drone1",[498.29199999999997,270,-228.62299999999999],1,[0,0,0,0],[0.10000000000000001,0.10000000000000001,0.10000000000000001],30,"drone","19.55",
[1,0,0],20,"Drone1",[498.29199999999997,270,-228.62299999999999],1,[0,0,0,0],[0.10000000000000001,0.10000000000000001,0.10000000000000001],30,"drone","18.55",
[1,0,0],20,"Drone1",[498.29199999999997,270,-228.62299999999999],1,[0,0,0,0],[0.10000000000000001,0.10000000000000001,0.10000000000000001],30,"drone","17.55",
[1,0,0],20,"Drone1",[498.29199999999997,270,-228.62299999999999],1,[0,0,0,0],[0.10000000000000001,0.10000000000000001,0.10000000000000001],30,"drone","16.55",
[1,0,0],20,"Drone1",[498.29199999999997,270,-228.62299999999999],1,[0,0,0,0],[0.10000000000000001,0.10000000000000001,0.10000000000000001],30,"drone","15.55",
[1,0,0],20,"Drone1",[498.29199999999997,270,-228.62299999999999],1,[0,0,0,0],[0.10000000000000001,0.10000000000000001,0.10000000000000001],30,"drone","14.55",
[1,0,0],20,"Drone1",[498.29199999999997,270,-228.62299999999999],1,[0,0,0,0],[0.10000000000000001,0.10000000000000001,0.10000000000000001],30,"drone","13.55",
[1,0,0],20,"Drone1",[498.29199999999997,270,-228.62299999999999],1,[0,0,0,0],[0.10000000000000001,0.10000000000000001,0.10000000000000001],30,"drone","12.55",
[1,0,0],20,"Drone1",[498.29199999999997,270,-228.62299999999999],1,[0,0,0,0],[0.10000000000000001,0.10000000000000001,0.10000000000000001],30,"drone","11.55",
[1,0,0],20,"Drone1",[498.29199999999997,270,-228.62299999999999],1,[0,0,0,0],[0.10000000000000001,0.10000000000000001,0.10000000000000001],30,"drone","10.55",
[1,0,0],20,"Drone1",[498.29199999999997,270,-228.62299999999999],1,[0,0,0,0],[0.10000000000000001,0.10000000000000001,0.10000000000000001],30,"drone","9.55",
[1,0,0],20,"Drone1",[498.29199999999997,270,-228.62299999999999],1,[0,0,0,0],[0.10000000000000001,0.10000000000000001,0.10000000000000001],30,"drone","8.55",
[1,0,0],20,"Drone1",[498.29199999999997,270,-228.62299999999999],1,[0,0,0,0],[0.10000000000000001,0.10000000000000001,0.10000000000000001],30,"drone","7.55",
[1,0,0],20,"Drone1",[498.29199999999997,270,-228.62299999999999],1,[0,0,0,0],[0.10000000000000001,0.10000000000000001,0.10000000000000001],30,"drone","6.55",
[1,0,0],20,"Drone1",[498.29199999999997,270,-228.62299999999999],1,[0,0,0,0],[0.10000000000000001,0.10000000000000001,0.10000000000000001],30,"drone","5.55",
[1,0,0],20,"Drone1",[498.29199999999997,270,-228.62299999999999],1,[0,0,0,0],[0.10000000000000001,0.10000000000000001,0.10000000000000001],30,"drone","4.55",
[1,0,0],20,"Drone1",[498.29199999999997,270,-228.62299999999999],1,[0,0,0,0],[0.10000000000000001,0.10000000000000001,0.10000000000000001],30,"drone","3.55",
[1,0,0],20,"Drone1",[498.29199999999997,270,-228.62299999999999],1,[0,0,0,0],[0.10000000000000001,0.10000000000000001,0.10000000000000001],30,"drone","2.55",
[1,0,0],20,"Drone1",[498.29199999999997,270,-228.62299999999999],1,[0,0,0,0],[0.10000000000000001,0.10000000000000001,0.10000000000000001],30,"drone","11.45",
[1,0,0],20,"Drone1",[498.29199999999997,270,-228.62299999999999],1,[0,0,0,0],[0.10000000000000001,0.10000000000000001,0.10000000000000001],30,"drone","21.45",
[1,0,0],20,"Drone1",[498.29199999999997,270,-228.62299999999999],1,[0,0,0,0],[0.10000000000000001,0.10000000000000001,0.10000000000000001],30,"drone","31.45",
[1,0,0],20,"Drone1",[498.29199999999997,270,-228.62299999999999],1,[0,0,0,0],[0.10000000000000001,0.10000000000000001,0.10000000000000001],30,"drone","41.45",
[1,0,0],20,"Drone1",[498.29199999999997,270,-228.62299999999999],1,[0,0,0,0],[0.10000000000000001,0.10000000000000001,0.10000000000000001],30,"drone","51.45",
[1,0,0],20,"Drone1",[498.29199999999997,270,-228.62299999999999],1,[0,0,0,0],[0.10000000000000001,0.10000000000000001,0.10000000000000001],30,"drone","61.45",
[1,0,0],20,"Drone1",[498.29199999999997,270,-228.62299999999999],1,[0,0,0,0],[0.10000000000000001,0.10000000000000001,0.10000000000000001],30,"drone","71.45",
[1,0,0],20,"Drone1",[498.29199999999997,270,-228.62299999999999],1,[0,0,0,0],[0.10000000000000001,0.10000000000000001,0.10000000000000001],30,"drone","79.91",
[1,0,0],20,"Drone1",[498.29199999999997,270,-228.62299999999999],1,[0,0,0,0],[0.10000000000000001,0.10000000000000001,0.10000000000000001],30,"drone","78.91",
[1,0,0],20,"Drone1",[498.29199999999997,270,-228.62299999999999],1,[0,0,0,0],[0.10000000000000001,0.10000000000000001,0.10000000000000001],30,"drone","77.91",
[1,0,0],20,"Drone1",[498.29199999999997,270,-228.62299999999999],1,[0,0,0,0],[0.10000000000000001,0.10000000000000001,0.10000000000000001],30,"drone","76.91",
[1,0,0],20,"Drone1",[498.29199999999997,270,-228.62299999999999],1,[0,0,0,0],[0.10000000000000001,0.10000000000000001,0.10000000000000001],30,"drone","75.91",
[1,0,0],20,"Drone1",[498.29199999999997,270,-228.62299999999999],1,[0,0,0,0],[0.10000000000000001,0.10000000000000001,0.10000000000000001],30,"drone","74.91",
[1,0,0],20,"Drone1",[498.29199999999997,270,-228.62299999999999],1,[0,0,0,0],[0.10000000000000001,0.10000000000000001,0.10000000000000001],30,"drone","73.91",
[1,0,0],20,"Drone1",[498.29199999999997,270,-228.62299999999999],1,[0,0,0,0],[0.10000000000000001,0.10000000000000001,0.10000000000000001],30,"drone","72.91",
[1,0,0],20,"Drone1",[498.29199999999997,270,-228.62299999999999],1,[0,0,0,0],[0.10000000000000001,0.10000000000000001,0.10000000000000001],30,"drone","71.91",
[1,0,0],20,"Drone1",[498.29199999999997,270,-228.62299999999999],1,[0,0,0,0],[0.10000000000000001,0.10000000000000001,0.10000000000000001],30,"drone","70.91",
[1,0,0],20,"Drone1",[498.29199999999997,270,-228.62299999999999],1,[0,0,0,0],[0.10000000000000001,0.10000000000000001,0.10000000000000001],30,"drone","69.91",
[1,0,0],20,"Drone1",[498.29199999999997,270,-228.62299999999999],1,[0,0,0,0],[0.10000000000000001,0.10000000000000001,0.10000000000000001],30,"drone","68.91",
[1,0,0],20,"Drone1",[498.29199999999997,270,-228.62299999999999],1,[0,0,0,0],[0.10000000000000001,0.10000000000000001,0.10000000000000001],30,"drone","67.91",
[1,0,0],20,"Drone1",[498.29199999999997,270,-228.62299999999999],1,[0,0,0,0],[0.10000000000000001,0.10000000000000001,0.10000000000000001],30,"drone","66.91",
[1,0,0],20,"Drone1",[498.29199999999997,270,-228.62299999999999],1,[0,0,0,0],[0.10000000000000001,0.10000000000000001,0.10000000000000001],30,"drone","65.91",
[1,0,0],20,"Drone1",[498.29199999999997,270,-228.62299999999999],1,[0,0,0,0],[0.10000000000000001,0.10000000000000001,0.10000000000000001],30,"drone","64.91",
[1,0,0],20,"Drone1",[498.29199999999997,270,-228.62299999999999],1,[0,0,0,0],[0.10000000000000001,0.10000000000000001,0.10000000000000001],30,"drone","63.91",
[1,0,0],20,"Drone1",[498.29199999999997,270,-228.62299999999999],1,[0,0,0,0],[0.10000000000000001,0.10000000000000001,0.10000000000000001],30,"drone","62.91",
[1,0,0],20,"Drone1",[498.29199999999997,270,-228.62299999999999],1,[0,0,0,0],[0.10000000000000001,0.10000000000000001,0.10000000000000001],30,"drone","61.91",
[1,0,0],20,"Drone1",[498.29199999999997,270,-228.62299999999999],1,[0,0,0,0],[0.10000000000000001,0.10000000000000001,0.10000000000000001],30,"drone","60.91",
[1,0,0],20,"Drone1",[498.29199999999997,270,-228.62299999999999],1,[0,0,0,0],[0.10000000000000001,0.10000000000000001,0.10000000000000001],30,"drone","59.91",
[1,0,0],20,"Drone1",[498.29199999999997,270,-228.62299999999999],1,[0,0,0,0],[0.10000000000000001,0.10000000000000001,0.10000000000000001],30,"drone","58.91",
[1,0,0],20,"Drone1",[498.29199999999997,270,-228.62299999999999],1,[0,0,0,0],[0.10000000000000001,0.10000000000000001,0.10000000000000001],30,"drone","57.91",
[1,0,0],20,"Drone1",[498.29199999999997,270,-228.62299999999999],1,[0,0,0,0],[0.10000000000000001,0.10000000000000001,0.10000000000000001],30,"drone","56.91",
[1,0,0],20,"Drone1",[498.29199999999997,270,-228.62299999999999],1,[0,0,0,0],[0.10000000000000001,0.10000000000000001,0.10000000000000001],30,"drone","55.91",
[1,0,0],20,"Drone1",[498.29199999999997,270,-228.62299999999999],1,[0,0,0,0],[0.10000000000000001,0.10000000000000001,0.10000000000000001],30,"drone","54.91",
[1,0,0],20,"Drone1",[498.29199999999997,270,-228.62299999999999],1,[0,0,0,0],[0.10000000000000001,0.10000000000000001,0.10000000000000001],30,"drone","53.91",
[1,0,0],20,"Drone1",[498.29199999999997,270,-228.62299999999999],1,[0,0,0,0],[0.10000000000000001,0.10000000000000001,0.10000000000000001],30,"drone","52.91",
[1,0,0],20,"Drone1",[498.29199999999997,270,-228.62299999999999],1,[0,0,0,0],[0.10000000000000001,0.10000000000000001,0.10000000000000001],30,"drone","51.91",
[1,0,0],20,"Drone1",[498.29199999999997,270,-228.62299999999999],1,[0,0,0,0],[0.10000000000000001,0.10000000000000001,0.10000000000000001],30,"drone","50.91",
[1,0,0],20,"Drone1",[498.29199999999997,270,-228.62299999999999],1,[0,0,0,0],[0.10000000000000001,0.10000000000000001,0.10000000000000001],30,"drone","49.91",
[1,0,0],20,"Drone1",[498.29199999999997,270,-228.62299999999999],1,[0,0,0,0],[0.10000000000000001,0.10000000000000001,0.10000000000000001],30,"drone","48.91",
[1,0,0],20,"Drone1",[498.29199999999997,270,-228.62299999999999],1,[0,0,0,0],[0.10000000000000001,0.10000000000000001,0.10000000000000001],30,"drone","47.91",
[1,0,0],20,"Drone1",[498.29199999999997,270,-228.62299999999999],1,[0,0,0,0],[0.10000000000000001,0.10000000000000001,0.10000000000000001],30,"drone","46.91",
[1,0,0],20,"Drone1",[498.29199999999997,270,-228.62299999999999],1,[0,0,0,0],[0.10000000000000001,0.10000000000000001,0.10000000000000001],30,"drone","45.91",
[1,0,0],20,"Drone1",[498.29199999999997,270,-228.62299999999999],1,[0,0,0,0],[0.10000000000000001,0.10000000000000001,0.10000000000000001],30,"drone","44.91",
[1,0,0],20,"Drone1",[498.29199999999997,270,-228.62299999999999],1,[0,0,0,0],[0.10000000000000001,0.10000000000000001,0.10000000000000001],30,"drone","43.91",
[1,0,0],20,"Drone1",[498.29199999999997,270,-228.62299999999999],1,[0,0,0,0],[0.10000000000000001,0.10000000000000001,0.10000000000000001],30,"drone","42.91",
[1,0,0],20,"Drone1",[498.29199999999997,270,-228.62299999999999],1,[0,0,0,0],[0.10000000000000001,0.10000000000000001,0.10000000000000001],30,"drone","41.91",
[1,0,0],20,"Drone1",[498.29199999999997,270,-228.62299999999999],1,[0,0,0,0],[0.10000000000000001,0.10000000000000001,0.10000000000000001],30,"drone","40.91",
[1,0,0],20,"Drone1",[498.29199999999997,270,-228.62299999999999],1,[0,0,0,0],[0.10000000000000001,0.10000000000000001,0.10000000000000001],30,"drone","39.91",
[1,0,0],20,"Drone1",[498.29199999999997,270,-228.62299999999999],1,[0,0,0,0],[0.10000000000000001,0.10000000000000001,0.10000000000000001],30,"drone","38.91",
[1,0,0],20,"Drone1",[498.29199999999997,270,-228.62299999999999],1,[0,0,0,0],[0.10000000000000001,0.10000000000000001,0.10000000000000001],30,"drone","37.91",
[1,0,0],20,"Drone1",[498.29199999999997,270,-228.62299999999999],1,[0,0,0,0],[0.10000000000000001,0.10000000000000001,0.10000000000000001],30,"drone","36.91",
[1,0,0],20,"Drone1",[498.29199999999997,270,-228.62299999999999],1,[0,0,0,0],[0.10000000000000001,0.10000000000000001,0.10000000000000001],30,"drone","35.91",
[1,0,0],20,"Drone1",[498.29199999999997,270,-228.62299999999999],1,[0,0,0,0],[0.10000000000000001,0.10000000000000001,0.10000000000000001],30,"drone","34.91",
[1,0,0],20,"Drone1",[498.29199999999997,270,-228.62299999999999],1,[0,0,0,0],[0.10000000000000001,0.10000000000000001,0.10000000000000001],30,"drone","33.91",
[1,0,0],20,"Drone1",[498.29199999999997,270,-228.62299999999999],1,[0,0,0,0],[0.10000000000000001,0.10000000000000001,0.10000000000000001],30,"drone","32.91",
[1,0,0],20,"Drone1",[498.29199999999997,270,-228.62299999999999],1,[0,0,0,0],[0.10000000000000001,0.10000000000000001,0.10000000000000001],30,"drone","31.91",
[1,0,0],20,"Drone1",[498.29199999999997,270,-228.62299999999999],1,[0,0,0,0],[0.10000000000000001,0.10000000000000001,0.10000000000000001],30,"drone","30.91",
[1,0,0],20,"Drone1",[498.29199999999997,270,-228.62299999999999],1,[0,0,0,0],[0.10000000000000001,0.10000000000000001,0.10000000000000001],30,"drone","29.91",
[1,0,0],20,"Drone1",[498.29199999999997,270,-228.62299999999999],1,[0,0,0,0],[0.10000000000000001,0.10000000000000001,0.10000000000000001],30,"drone","28.91",
[1,0,0],20,"Drone1",[498.29199999999997,270,-228.62299999999999],1,[0,0,0,0],[0.10000000000000001,0.10000000000000001,0.10000000000000001],30,"drone","27.91",
[1,0,0],20,"Drone1",[498.29199999999997,270,-228.62299999999999],1,[0,0,0,0],[0.10000000000000001,0.10000000000000001,0.10000000000000001],30,"drone","26.91",
[1,0,0],20,"Drone1",[498.29199999999997,270,-228.62299999999999],1,[0,0,0,0],[0.10000000000000001,0.10000000000000001,0.10000000000000001],30,"drone","25.91",
[1,0,0],20,"Drone1",[498.29199999999997,270,-228.62299999999999],1,[0,0,0,0],[0.10000000000000001,0.10000000000000001,0.10000000000000001],30,"drone","24.91",
[1,0,0],20,"Drone1",[498.29199999999997,270,-228.62299999999999],1,[0,0,0,0],[0.10000000000000001,0.10000000000000001,0.10000000000000001],30,"drone","23.91",
[1,0,0],20,"Drone1",[498.29199999999997,270,-228.62299999999999],1,[0,0,0,0],[0.10000000000000001,0.10000000000000001,0.10000000000000001],30,"drone","22.91",
[1,0,0],20,"Drone1",[498.29199999999997,270,-228.62299999999999],1,[0,0,0,0],[0.10000000000000001,0.10000000000000001,0.10000000000000001],30,"drone","21.91",
[1,0,0],20,"Drone1",[498.29199999999997,270,-228.62299999999999],1,[0,0,0,0],[0.10000000000000001,0.10000000000000001,0.10000000000000001],30,"drone","20.91",
[1,0,0],20,"Drone1",[498.29199999999997,270,-228.62299999999999],1,[0,0,0,0],[0.10000000000000001,0.10000000000000001,0.10000000000000001],30,"drone","19.91",
[1,0,0],20,"Drone1",[498.29199999999997,270,-228.62299999999999],1,[0,0,0,0],[0.10000000000000001,0.10000000000000001,0.10000000000000001],30,"drone","18.91",
[1,0,0],20,"Drone1",[498.29199999999997,270,-228.62299999999999],1,[0,0,0,0],[0.10000000000000001,0.10000000000000001,0.10000000000000001],30,"drone","17.91",
[1,0,0],20,"Drone1",[498.29199999999997,270,-228.62299999999999],1,[0,0,0,0],[0.10000000000000001,0.10000000000000001,0.10000000000000001],30,"drone","16.91",
[1,0,0],20,"Drone1",[498.29199999999997,270,-228.62299999999999],1,[0,0,0,0],[0.10000000000000001,0.10000000000000001,0.10000000000000001],30,"drone","15.91",
[1,0,0],20,"Drone1",[498.29199999999997,270,-228.62299999999999],1,[0,0,0,0],[0.10000000000000001,0.10000000000000001,0.10000000000000001],30,"drone","14.91",
[1,0,0],20,"Drone1",[498.29199999999997,270,-228.62299999999999],1,[0,0,0,0],[0.10000000000000001,0.10000000000000001,0.10000000000000001],30,"drone","13.91",
[1,0,0],20,"Drone1",[498.29199999999997,270,-228.62299999999999],1,[0,0,0,0],[0.10000000000000001,0.10000000000000001,0.10000000000000001],30,"drone","12.91",
[1,0,0],20,"Drone1",[498.29199999999997,270,-228.62299999999999],1,[0,0,0,0],[0.10000000000000001,0.10000000000000001,0.10000000000000001],30,"drone","11.91",
[1,0,0],20,"Drone1",[498.29199999999997,270,-228.62299999999999],1,[0,0,0,0],[0.10000000000000001,0.10000000000000001,0.10000000000000001],30,"drone","10.91",
[1,0,0],20,"Drone1",[498.29199999999997,270,-228.62299999999999],1,[0,0,0,0],[0.10000000000000001,0.10000000000000001,0.10000000000000001],30,"drone","9.91",
[1,0,0],20,"Drone1",[498.29199999999997,270,-228.62299999999999],1,[0,0,0,0],[0.10000000000000001,0.10000000000000001,0.10000000000000001],30,"drone","17.27",
[1,0,0],20,"Drone1",[498.29199999999997,270,-228.62299999999999],1,[0,0,0,0],[0.10000000000000001,0.10000000000000001,0.10000000000000001],30,"drone","27.27",
[1,0,0],20,"Drone1",[498.29199999999997,270,-228.62299999999999],1,[0,0,0,0],[0.10000000000000001,0.10000000000000001,0.10000000000000001],30,"drone","37.27",
[1,0,0],20,"Drone1",[498.29199999999997,270,-228.62299999999999],1,[0,0,0,0],[0.10000000000000001,0.10000000000000001,0.10000000000000001],30,"drone","47.27",
[1,0,0],20,"Drone1",[498.29199999999997,270,-228.62299999999999],1,[0,0,0,0],[0.10000000000000001,0.10000000000000001,0.10000000000000001],30,"drone","57.27",
[1,0,0],20,"Drone1",[498.29199999999997,270,-228.62299999999999],1,[0,0,0,0],[0.10000000000000001,0.10000000000000001,0.10000000000000001],30,"drone","67.27",
[1,0,0],20,"Drone1",[498.29199999999997,270,-228.62299999999999],1,[0,0,0,0],[0.10000000000000001,0.10000000000000001,0.10000000000000001],30,"drone","77.27",
[1,0,0],20,"Drone1",[498.29199999999997,270,-228.62299999999999],1,[0,0,0,0],[0.10000000000000001,0.10000000000000001,0.10000000000000001],30,"drone","79.35",
[1,0,0],20,"Drone1",[498.29199999999997,270,-228.62299999999999],1,[0,0,0,0],[0.10000000000000001,0.10000000000000001,0.10000000000000001],30,"drone","78.35",
[1,0,0],20,"Drone1",[498.29199999999997,270,-228.62299999999999],1,[0,0,0,0],[0.10000000000000001,0.10000000000000001,0.10000000000000001],30,"drone","77.35",
[1,0,0],20,"Drone1",[498.29199999999997,270,-228.62299999999999],1,[0,0,0,0],[0.10000000000000001,0.10000000000000001,0.10000000000000001],30,"drone","76.35",
[1,0,0],20,"Drone1",[498.29199999999997,270,-228.62299999999999],1,[0,0,0,0],[0.10000000000000001,0.10000000000000001,0.10000000000000001],30,"drone","75.35",
[1,0,0],20,"Drone1",[498.29199999999997,270,-228.62299999999999],1,[0,0,0,0],[0.10000000000000001,0.10000000000000001,0.10000000000000001],30,"drone","74.35",
[1,0,0],20,"Drone1",[498.29199999999997,270,-228.62299999999999],1,[0,0,0,0],[0.10000000000000001,0.10000000000000001,0.10000000000000001],30,"drone","73.35",
[1,0,0],20,"Drone1",[498.29199999999997,270,-228.62299999999999],1,[0,0,0,0],[0.10000000000000001,0.10000000000000001,0.10000000000000001],30,"drone","72.35",
[1,0,0],20,"Drone1",[498.29199999999997,270,-228.62299999999999],1,[0,0,0,0],[0.10000000000000001,0.10000000000000001,0.10000000000000001],30,"drone","71.35",
[1,0,0],20,"Drone1",[498.29199999999997,270,-228.62299999999999],1,[0,0,0,0],[0.10000000000000001,0.10000000000000001,0.10000000000000001],30,"drone","70.35",
[1,0,0],20,"Drone1",[498.29199999999997,270,-228.62299999999999],1,[0,0,0,0],[0.10000000000000001,0.10000000000000001,0.10000000000000001],30,"drone","69.35",
[1,0,0],20,"Drone1",[498.29199999999997,270,-228.62299999999999],1,[0,0,0,0],[0.10000000000000001,0.10000000000000001,0.10000000000000001],30,"drone","68.35",
[1,0,0],20,"Drone1",[498.29199999999997,270,-228.62299999999999],1,[0,0,0,0],[0.10000000000000001,0.10000000000000001,0.10000000000000001],30,"drone","67.35",
[1,0,0],20,"Drone1",[498.29199999999997,270,-228.62299999999999],1,[0,0,0,0],[0.10000000000000001,0.10000000000000001,0.10000000000000001],30,"drone","66.35",
[1,0,0],20,"Drone1",[498.29199999999997,270,-228.62299999999999],1,[0,0,0,0],[0.10000000000000001,0.10000000000000001,0.10000000000000001],30,"drone","65.35",
[1,0,0],20,"Drone1",[498.29199999999997,270,-228.62299999999999],1,[0,0,0,0],[0.10000000000000001,0.10000000000000001,0.10000000000000001],30,"drone","64.35",
[1,0,0],20,"Drone1",[498.29199999999997,270,-228.62299999999999],1,[0,0,0,0],[0.10000000000000001,0.10000000000000001,0.10000000000000001],30,"drone","63.35",
[1,0,0],20,"Drone1",[498.29199999999997,270,-228.62299999999999],1,[0,0,0,0],[0.10000000000000001,0.10000000000000001,0.10000000000000001],30,"drone","62.35",
[1,0,0],20,"Drone1",[498.29199999999997,270,-228.62299999999999],1,[0,0,0,0],[0.10000000000000001,0.10000000000000001,0.10000000000000001],30,"drone","61.35",
[1,0,0],20,"Drone1",[498.29199999999997,270,-228.62299999999999],1,[0,0,0,0],[0.10000000000000001,0.10000000000000001,0.10000000000000001],30,"drone","60.35",
[1,0,0],20,"Drone1",[498.29199999999997,270,-228.62299999999999],1,[0,0,0,0],[0.10000000000000001,0.10000000000000001,0.10000000000000001],30,"drone","59.35",
[1,0,0],20,"Drone1",[498.29199999999997,270,-228.62299999999999],1,[0,0,0,0],[0.10000000000000001,0.10000000000000001,0.10000000000000001],30,"drone","58.35",
[1,0,0],20,"Drone1",[498.29199999999997,270,-228.62299999999999],1,[0,0,0,0],[0.10000000000000001,0.10000000000000001,0.10000000000000001],30,"drone","57.35",
[1,0,0],20,"Drone1",[498.29199999999997,270,-228.62299999999999],1,[0,0,0,0],[0.10000000000000001,0.10000000000000001,0.10000000000000001],30,"drone","56.35",
[1,0,0],20,"Drone1",[498.29199999999997,270,-228.62299999999999],1,[0,0,0,0],[0.10000000000000001,0.10000000000000001,0.10000000000000001],30,"drone","55.35",
[1,0,0],20,"Drone1",[498.29199999999997,270,-228.62299999999999],1,[0,0,0,0],[0.10000000000000001,0.10000000000000001,0.10000000000000001],30,"drone","54.35",
[1,0,0],20,"Drone1",[498.29199999999997,270,-228.62299999999999],1,[0,0,0,0],[0.10000000000000001,0.10000000000000001,0.10000000000000001],30,"drone","53.35",
[1,0,0],20,"Drone1",[498.29199999999997,270,-228.62299999999999],1,[0,0,0,0],[0.10000000000000001,0.10000000000000001,0.10000000000000001],30,"drone","52.35",
[1,0,0],20,"Drone1",[498.29199999999997,270,-228.62299999999999],1,[0,0,0,0],[0.10000000000000001,0.10000000000000001,0.10000000000000001],30,"drone","51.35",
[1,0,0],20,"Drone1",[498.29199999999997,270,-228.62299999999999],1,[0,0,0,0],[0.10000000000000001,0.10000000000000001,0.10000000000000001],30,"drone","50.35",
[1,0,0],20,"Drone1",[498.29199999999997,270,-228.62299999999999],1,[0,0,0,0],[0.10000000000000001,0.10000000000000001,0.10000000000000001],30,"drone","49.35",
[1,0,0],20,"Drone1",[498.29199999999997,270,-228.62299999999999],1,[0,0,0,0],[0.10000000000000001,0.10000000000000001,0.10000000000000001],30,"drone","48.35",
[1,0,0],20,"Drone1",[498.29199999999997,270,-228.62299999999999],1,[0,0,0,0],[0.10000000000000001,0.10000000000000001,0.10000000000000001],30,"drone","47.35",
[1,0,0],20,"Drone1",[498.29199999999997,270,-228.62299999999999],1,[0,0,0,0],[0.10000000000000001,0.10000000000000001,0.10000000000000001],30,"drone","46.35",
[1,0,0],20,"Drone1",[498.29199999999997,270,-228.62299999999999],1,[0,0,0,0],[0.10000000000000001,0.10000000000000001,0.10000000000000001],30,"drone","45.35",
[1,0,0],20,"Drone1",[498.29199999999997,270,-228.62299999999999],1,[0,0,0,0],[0.10000000000000001,0.10000000000000001,0.10000000000000001],30,"drone","44.35",
[1,0,0],20,"Drone1",[498.29199999999997,270,-228.62299999999999],1,[0,0,0,0],[0.10000000000000001,0.10000000000000001,0.10000000000000001],30,"drone","43.35",
[1,0,0],20,"Drone1",[498.29199999999997,270,-228.62299999999999],1,[0,0,0,0],[0.10000000000000001,0.10000000000000001,0.10000000000000001],30,"drone","42.35",
[1,0,0],20,"Drone1",[498.29199999999997,270,-228.62299999999999],1,[0,0,0,0],[0.10000000000000001,0.10000000000000001,0.10000000000000001],30,"drone","41.35",
[1,0,0],20,"Drone1",[498.29199999999997,270,-228.62299999999999],1,[0,0,0,0],[0.10000000000000001,0.10000000000000001,0.10000000000000001],30,"drone","40.35",
[1,0,0],20,"Drone1",[498.29199999999997,270,-228.62299999999999],1,[0,0,0,0],[0.10000000000000001,0.10000000000000001,0.10000000000000001],30,"drone","39.35",
[1,0,0],20,"Drone1",[498.29199999999997,270,-228.62299999999999],1,[0,0,0,0],[0.10000000000000001,0.10000000000000001,0.10000000000000001],30,"drone","38.35",
[1,0,0],20,"Drone1",[498.29199999999997,270,-228.62299999999999],1,[0,0,0,0],[0.10000000000000001,0.10000000000000001,0.10000000000000001],30,"drone","37.35",
[1,0,0],20,"Drone1",[498.29199999999997,270,-228.62299999999999],1,[0,0,0,0],[0.10000000000000001,0.10000000000000001,0.10000000000000001],30,"drone","36.35",
[1,0,0],20,"Drone1",[498.29199999999997,270,-228.62299999999999],1,[0,0,0,0],[0.10000000000000001,0.10000000000000001,0.10000000000000001],30,"drone","35.35",
[1,0,0],20,"Drone1",[498.29199999999997,270,-228.62299999999999],1,[0,0,0,0],[0.10000000000000001,0.10000000000000001,0.10000000000000001],30,"drone","34.35",
[1,0,0],20,"Drone1",[498.29199999999997,270,-228.62299999999999],1,[0,0,0,0],[0.10000000000000001,0.10000000000000001,0.10000000000000001],30,"drone","33.35",
[1,0,0],20,"Drone1",[498.29199999999997,270,-228.62299999999999],1,[0,0,0,0],[0.10000000000000001,0.10000000000000001,0.10000000000000001],30,"drone","32.35",
[1,0,0],20,"Drone1",[498.29199999999997,270,-228.62299999999999],1,[0,0,0,0],[0.10000000000000001,0.10000000000000001,0.10000000000000001],30,"drone","31.35",
[1,0,0],20,"Drone1",[498.29199999999997,270,-228.62299999999999],1,[0,0,0,0],[0.10000000000000001,0.10000000000000001,0.10000000000000001],30,"drone","30.35",
[1,0,0],20,"Drone1",[498.29199999999997,270,-228.62299999999999],1,[0,0,0,0],[0.10000000000000001,0.10000000000000001,0.10000000000000001],30,"drone","29.35",
[1,0,0],20,"Drone1",[498.29199999999997,270,-228.62299999999999],1,[0,0,0,0],[0.10000000000000001,0.10000000000000001,0.10000000000000001],30,"drone","28.35",
[1,0,0],20,"Drone1",[498.29199999999997,270,-228.62299999999999],1,[0,0,0,0],[0.10000000000000001,0.10000000000000001,0.10000000000000001],30,"drone","27.35",
[1,0,0],20,"Drone1",[498.29199999999997,270,-228.62299999999999],1,[0,0,0,0],[0.10000000000000001,0.10000000000000001,0.10000000000000001],30,"drone","26.35",
[1,0,0],20,"Drone1",[498.29199999999997,270,-228.62299999999999],1,[0,0,0,0],[0.10000000000000001,0.10000000000000001,0.10000000000000001],30,"drone","25.35",
[1,0,0],20,"Drone1",[498.29199999999997,270,-228.62299999999999],1,[0,0,0,0],[0.10000000000000001,0.10000000000000001,0.10000000000000001],30,"drone","24.35",
[1,0,0],20,"Drone1",[498.29199999999997,270,-228.62299999999999],1,[0,0,0,0],[0.10000000000000001,0.10000000000000001,0.10000000000000001],30,"drone","23.35",
[1,0,0],20,"Drone1",[498.29199999999997,270,-228.62299999999999],1,[0,0,0,0],[0.10000000000000001,0.10000000000000001,0.10000000000000001],30,"drone","22.35",
[1,0,0],20,"Drone1",[498.29199999999997,270,-228.62299999999999],1,[0,0,0,0],[0.10000000000000001,0.10000000000000001,0.10000000000000001],30,"drone","21.35",
[1,0,0],20,"Drone1",[498.29199999999997,270,-228.62299999999999],1,[0,0,0,0],[0.10000000000000001,0.10000000000000001,0.10000000000000001],30,"drone","20.35",
[1,0,0],20,"Drone1",[498.29199999999997,270,-228.62299999999999],1,[0,0,0,0],[0.10000000000000001,0.10000000000000001,0.10000000000000001],30,"drone","19.35",
[1,0,0],20,"Drone1",[498.29199999999997,270,-228.62299999999999],1,[0,0,0,0],[0.10000000000000001,0.10000000000000001,0.10000000000000001],30,"drone","18.35",
[1,0,0],20,"Drone1",[498.29199999999997,270,-228.62299999999999],1,[0,0,0,0],[0.10000000000000001,0.10000000000000001,0.10000000000000001],30,"drone","17.35",
[1,0,0],20,"Drone1",[498.29199999999997,270,-228.62299999999999],1,[0,0,0,0],[0.10000000000000001,0.10000000000000001,0.10000000000000001],30,"drone","16.35",
[1,0,0],20,"Drone1",[498.29199999999997,270,-228.62299999999999],1,[0,0,0,0],[0.10000000000000001,0.10000000000000001,0.10000000000000001],30,"drone","15.35",
[1,0,0],20,"Drone1",[498.29199999999997,270,-228.62299999999999],1,[0,0,0,0],[0.10000000000000001,0.10000000000000001,0.10000000000000001],30,"drone","14.35",
[1,0,0],20,"Drone1",[498.29199999999997,270,-228.62299999999999],1,[0,0,0,0],[0.10000000000000001,0.10000000000000001,0.10000000000000001],30,"drone","13.35",
[1,0,0],20,"Drone1",[498.29199999999997,270,-228.62299999999999],1,[0,0,0,0],[0.10000000000000001,0.10000000000000001,0.10000000000000001],30,"drone","12.35",
[1,0,0],20,"Drone1",[498.29199999999997,270,-228.62299999999999],1,[0,0,0,0],[0.10000000000000001,0.10000000000000001,0.10000000000000001],30,"drone","11.35",
[1,0,0],20,"Drone1",[498.29199999999997,270,-228.62299999999999],1,[0,0,0,0],[0.10000000000000001,0.10000000000000001,0.10000000000000001],30,"drone","15.85",
[1,0,0],20,"Drone1",[498.29199999999997,270,-228.62299999999999],1,[0,0,0,0],[0.10000000000000001,0.10000000000000001,0.10000000000000001],30,"drone","25.85",
[1,0,0],20,"Drone1",[498.29199999999997,270,-228.62299999999999],1,[0,0,0,0],[0.10000000000000001,0.10000000000000001,0.10000000000000001],30,"drone","35.85",
[1,0,0],20,"Drone1",[498.29199999999997,270,-228.62299999999999],1,[0,0,0,0],[0.10000000000000001,0.10000000000000001,0.10000000000000001],30,"drone","45.85",
[1,0,0],20,"Drone1",[498.29199999999997,270,-228.62299999999999],1,[0,0,0,0],[0.10000000000000001,0.10000000000000001,0.10000000000000001],30,"drone","55.85",
[1,0,0],20,"Drone1",[498.29199999999997,270,-228.62299999999999],1,[0,0,0,0],[0.10000000000000001,0.10000000000000001,0.10000000000000001],30,"drone","65.85",
[1,0,0],20,"Drone1",[498.29199999999997,270,-228.62299999999999],1,[0,0,0,0],[0.10000000000000001,0.10000000000000001,0.10000000000000001],30,"drone","75.85",
[1,0,0],20,"Drone1",[498.29199999999997,270,-228.62299999999999],1,[0,0,0,0],[0.10000000000000001,0.10000000000000001,0.10000000000000001],30,"drone","79.47",
[1,0,0],20,"Drone1",[498.29199999999997,270,-228.62299999999999],1,[0,0,0,0],[0.10000000000000001,0.10000000000000001,0.10000000000000001],30,"drone","78.47",
[1,0,0],20,"Drone1",[498.29199999999997,270,-228.62299999999999],1,[0,0,0,0],[0.10000000000000001,0.10000000000000001,0.10000000000000001],30,"drone","77.47",
[1,0,0],20,"Drone1",[498.29199999999997,270,-228.62299999999999],1,[0,0,0,0],[0.10000000000000001,0.10000000000000001,0.10000000000000001],30,"drone","76.47",
[1,0,0],20,"Drone1",[498.29199999999997,270,-228.62299999999999],1,[0,0,0,0],[0.10000000000000001,0.10000000000000001,0.10000000000000001],30,"drone","75.47",
[1,0,0],20,"Drone1",[498.29199999999997,270,-228.62299999999999],1,[0,0,0,0],[0.10000000000000001,0.10000000000000001,0.10000000000000001],30,"drone","74.47",
[1,0,0],20,"Drone1",[498.29199999999997,270,-228.62299999999999],1,[0,0,0,0],[0.10000000000000001,0.10000000000000001,0.10000000000000001],30,"drone","73.47",
[1,0,0],20,"Drone1",[498.29199999999997,270,-228.62299999999999],1,[0,0,0,0],[0.10000000000000001,0.10000000000000001,0.10000000000000001],30,"drone","72.47",
[1,0,0],20,"Drone1",[498.29199999999997,270,-228.62299999999999],1,[0,0,0,0],[0.10000000000000001,0.10000000000000001,0.10000000000000001],30,"drone","71.47",
[1,0,0],20,"Drone1",[498.29199999999997,270,-228.62299999999999],1,[0,0,0,0],[0.10000000000000001,0.10000000000000001,0.10000000000000001],30,"drone","70.47",
[1,0,0],20,"Drone1",[498.29199999999997,270,-228.62299999999999],1,[0,0,0,0],[0.10000000000000001,0.10000000000000001,0.10000000000000001],30,"drone","69.47",
[1,0,0],20,"Drone1",[498.29199999999997,270,-228.62299999999999],1,[0,0,0,0],[0.10000000000000001,0.10000000000000001,0.10000000000000001],30,"drone","68.47",
[1,0,0],20,"Drone1",[498.29199999999997,270,-228.62299999999999],1,[0,0,0,0],[0.10000000000000001,0.10000000000000001,0.10000000000000001],30,"drone","67.47",
[1,0,0],20,"Drone1",[498.29199999999997,270,-228.62299999999999],1,[0,0,0,0],[0.10000000000000001,0.10000000000000001,0.10000000000000001],30,"drone","66.47",
[1,0,0],20,"Drone1",[498.29199999999997,270,-228.62299999999999],1,[0,0,0,0],[0.10000000000000001,0.10000000000000001,0.10000000000000001],30,"drone","65.47",
[1,0,0],20,"Drone1",[498.29199999999997,270,-228.62299999999999],1,[0,0,0,0],[0.10000000000000001,0.10000000000000001,0.10000000000000001],30,"drone","64.47",
[1,0,0],20,"Drone1",[498.29199999999997,270,-228.62299999999999],1,[0,0,0,0],[0.10000000000000001,0.10000000000000001,0.10000000000000001],30,"drone","63.47",
[1,0,0],20,"Drone1",[498.29199999999997,270,-228.62299999999999],1,[0,0,0,0],[0.10000000000000001,0.10000000000000001,0.10000000000000001],30,"drone","62.47",
[1,0,0],20,"Drone1",[498.29199999999997,270,-228.62299999999999],1,[0,0,0,0],[0.10000000000000001,0.10000000000000001,0.10000000000000001],30,"drone","61.47",
[1,0,0],20,"Drone1",[498.29199999999997,270,-228.62299999999999],1,[0,0,0,0],[0.10000000000000001,0.10000000000000001,0.10000000000000001],30,"drone","60.47",
[1,0,0],20,"Drone1",[498.29199999999997,270,-228.62299999999999],1,[0,0,0,0],[0.10000000000000001,0.10000000000000001,0.10000000000000001],30,"drone","59.47",
[1,0,0],20,"Drone1",[498.29199999999997,270,-228.62299999999999],1,[0,0,0,0],[0.10000000000000001,0.10000000000000001,0.10000000000000001],30,"drone","58.47",
[1,0,0],20,"Drone1",[498.29199999999997,270,-228.62299999999999],1,[0,0,0,0],[0.10000000000000001,0.10000000000000001,0.10000000000000001],30,"drone","57.47",
[1,0,0],20,"Drone1",[498.29199999999997,270,-228.62299999999999],1,[0,0,0,0],[0.10000000000000001,0.10000000000000001,0.10000000000000001],30,"drone","56.47",
[1,0,0],20,"Drone1",[498.29199999999997,270,-228.62299999999999],1,[0,0,0,0],[0.10000000000000001,0.10000000000000001,0.10000000000000001],30,"drone","55.47",
[1,0,0],20,"Drone1",[498.29199999999997,270,-228.62299999999999],1,[0,0,0,0],[0.10000000000000001,0.10000000000000001,0.10000000000000001],30,"drone","54.47",
[1,0,0],20,"Drone1",[498.29199999999997,270,-228.62299999999999],1,[0,0,0,0],[0.10000000000000001,0.10000000000000001,0.10000000000000001],30,"drone","53.47",
[1,0,0],20,"Drone1",[498.29199999999997,270,-228.62299999999999],1,[0,0,0,0],[0.10000000000000001,0.10000000000000001,0.10000000000000001],30,"drone","52.47",
[1,0,0],20,"Drone1",[498.29199999999997,270,-228.62299999999999],1,[0,0,0,0],[0.10000000000000001,0.10000000000000001,0.10000000000000001],30,"drone","51.47",
[1,0,0],20,"Drone1",[498.29199999999997,270,-228.62299999999999],1,[0,0,0,0],[0.10000000000000001,0.10000000000000001,0.10000000000000001],30,"drone","50.47",
[1,0,0],20,"Drone1",[498.29199999999997,270,-228.62299999999999],1,[0,0,0,0],[0.10000000000000001,0.10000000000000001,0.10000000000000001],30,"drone","49.47",
[1,0,0],20,"Drone1",[498.29199999999997,270,-228.62299999999999],1,[0,0,0,0],[0.10000000000000001,0.10000000000000001,0.10000000000000001],30,"drone","48.47",
[1,0,0],20,"Drone1",[498.29199999999997,270,-228.62299999999999],1,[0,0,0,0],[0.10000000000000001,0.10000000000000001,0.10000000000000001],30,"drone","47.47",
[1,0,0],20,"Drone1",[498.29199999999997,270,-228.62299999999999],1,[0,0,0,0],[0.10000000000000001,0.10000000000000001,0.10000000000000001],30,"drone","46.47",
[1,0,0],20,"Drone1",[498.29199999999997,270,-228.62299999999999],1,[0,0,0,0],[0.10000000000000001,0.10000000000000001,0.10000000000000001],30,"drone","45.47",
[1,0,0],20,"Drone1",[498.29199999999997,270,-228.62299999999999],1,[0,0,0,0],[0.10000000000000001,0.10000000000000001,0.10000000000000001],30,"drone","44.47",
[1,0,0],20,"Drone1",[498.29199999999997,270,-228.62299999999999],1,[0,0,0,0],[0.10000000000000001,0.10000000000000001,0.10000000000000001],30,"drone","43.47",
[1,0,0],20,"Drone1",[498.29199999999997,270,-228.62299999999999],1,[0,0,0,0],[0.10000000000000001,0.10000000000000001,0.10000000000000001],30,"drone","42.47",
[1,0,0],20,"Drone1",[498.29199999999997,270,-228.62299999999999],1,[0,0,0,0],[0.10000000000000001,0.10000000000000001,0.10000000000000001],30,"drone","41.47",
[1,0,0],20,"Drone1",[498.29199999999997,270,-228.62299999999999],1,[0,0,0,0],[0.10000000000000001,0.10000000000000001,0.10000000000000001],30,"drone","40.47",
[1,0,0],20,"Drone1",[498.29199999999997,270,-228.62299999999999],1,[0,0,0,0],[0.10000000000000001,0.10000000000000001,0.10000000000000001],30,"drone","39.47",
[1,0,0],20,"Drone1",[498.29199999999997,270,-228.62299999999999],1,[0,0,0,0],[0.10000000000000001,0.10000000000000001,0.10000000000000001],30,"drone","38.47",
[1,0,0],20,"Drone1",[498.29199999999997,270,-228.62299999999999],1,[0,0,0,0],[0.10000000000000001,0.10000000000000001,0.10000000000000001],30,"drone","37.47",
[1,0,0],20,"Drone1",[498.29199999999997,270,-228.62299999999999],1,[0,0,0,0],[0.10000000000000001,0.10000000000000001,0.10000000000000001],30,"drone","36.47",
[1,0,0],20,"Drone1",[498.29199999999997,270,-228.62299999999999],1,[0,0,0,0],[0.10000000000000001,0.10000000000000001,0.10000000000000001],30,"drone","35.47",
[1,0,0],20,"Drone1",[498.29199999999997,270,-228.62299999999999],1,[0,0,0,0],[0.10000000000000001,0.10000000000000001,0.10000000000000001],30,"drone","34.47",
[1,0,0],20,"Drone1",[498.29199999999997,270,-228.62299999999999],1,[0,0,0,0],[0.10000000000000001,0.10000000000000001,0.10000000000000001],30,"drone","33.47",
[1,0,0],20,"Drone1",[498.29199999999997,270,-228.62299999999999],1,[0,0,0,0],[0.10000000000000001,0.10000000000000001,0.10000000000000001],30,"drone","32.47",
[1,0,0],20,"Drone1",[498.29199999999997,270,-228.62299999999999],1,[0,0,0,0],[0.10000000000000001,0.10000000000000001,0.10000000000000001],30,"drone","31.47",
[1,0,0],20,"Drone1",[498.29199999999997,270,-228.62299999999999],1,[0,0,0,0],[0.10000000000000001,0.10000000000000001,0.10000000000000001],30,"drone","30.47",
[1,0,0],20,"Drone1",[498.29199999999997,270,-228.62299999999999],1,[0,0,0,0],[0.10000000000000001,0.10000000000000001,0.10000000000000001],30,"drone","29.47",
[1,0,0],20,"Drone1",[498.29199999999997,270,-228.62299999999999],1,[0,0,0,0],[0.10000000000000001,0.10000000000000001,0.10000000000000001],30,"drone","28.47",
[1,0,0],20,"Drone1",[498.29199999999997,270,-228.62299999999999],1,[0,0,0,0],[0.10000000000000001,0.10000000000000001,0.10000000000000001],30,"drone","27.47",
[1,0,0],20,"Drone1",[498.29199999999997,270,-228.62299999999999],1,[0,0,0,0],[0.10000000000000001,0.10000000000000001,0.10000000000000001],30,"drone","26.47",
[1,0,0],20,"Drone1",[498.29199999999997,270,-228.62299999999999],1,[0,0,0,0],[0.10000000000000001,0.10000000000000001,0.10000000000000001],30,"drone","25.47",
[1,0,0],20,"Drone1",[498.29199999999997,270,-228.62299999999999],1,[0,0,0,0],[0.10000000000000001,0.10000000000000001,0.10000000000000001],30,"drone","24.47",
[1,0,0],20,"Drone1",[498.29199999999997,270,-228.62299999999999],1,[0,0,0,0],[0.10000000000000001,0.10000000000000001,0.10000000000000001],30,"drone","23.47",
[1,0,0],20,"Drone1",[498.29199999999997,270,-228.62299999999999],1,[0,0,0,0],[0.10000000000000001,0.10000000000000001,0.10000000000000001],30,"drone","22.47",
[1,0,0],20,"Drone1",[498.29199999999997,270,-228.62299999999999],1,[0,0,0,0],[0.10000000000000001,0.10000000000000001,0.10000000000000001],30,"drone","21.47",
[1,0,0],20,"Drone1",[498.29199999999997,270,-228.62299999999999],1,[0,0,0,0],[0.10000000000000001,0.10000000000000001,0.10000000000000001],30,"drone","20.47",
[1,0,0],20,"Drone1",[498.29199999999997,270,-228.62299999999999],1,[0,0,0,0],[0.10000000000000001,0.10000000000000001,0.10000000000000001],30,"drone","24.86",
[1,0,0],20,"Drone1",[498.29199999999997,270,-228.62299999999999],1,[0,0,0,0],[0.10000000000000001,0.10000000000000001,0.10000000000000001],30,"drone","34.86",
[1,0,0],20,"Drone1",[498.29199999999997,270,-228.62299999999999],1,[0,0,0,0],[0.10000000000000001,0.10000000000000001,0.10000000000000001],30,"drone","44.86",
[1,0,0],20,"Drone1",[498.29199999999997,270,-228.62299999999999],1,[0,0,0,0],[0.10000000000000001,0.10000000000000001,0.10000000000000001],30,"drone","54.86",
[1,0,0],20,"Drone1",[498.29199999999997,270,-228.62299999999999],1,[0,0,0,0],[0.10000000000000001,0.10000000000000001,0.10000000000000001],30,"drone","64.86",
[1,0,0],20,"Drone1",[498.29199999999997,270,-228.62299999999999],1,[0,0,0,0],[0.10000000000000001,0.10000000000000001,0.10000000000000001],30,"drone","74.86",
[1,0,0],20,"Drone1",[498.29199999999997,270,-228.62299999999999],1,[0,0,0,0],[0.10000000000000001,0.10000000000000001,0.10000000000000001],30,"drone","79.58",
[1,0,0],20,"Drone1",[498.29199999999997,270,-228.62299999999999],1,[0,0,0,0],[0.10000000000000001,0.10000000000000001,0.10000000000000001],30,"drone","78.58",
[1,0,0],20,"Drone1",[498.29199999999997,270,-228.62299999999999],1,[0,0,0,0],[0.10000000000000001,0.10000000000000001,0.10000000000000001],30,"drone","77.58",
[1,0,0],20,"Drone1",[498.29199999999997,270,-228.62299999999999],1,[0,0,0,0],[0.10000000000000001,0.10000000000000001,0.10000000000000001],30,"drone","76.58",
[1,0,0],20,"Drone1",[498.29199999999997,270,-228.62299999999999],1,[0,0,0,0],[0.10000000000000001,0.10000000000000001,0.10000000000000001],30,"drone","75.58",
[1,0,0],20,"Drone1",[498.29199999999997,270,-228.62299999999999],1,[0,0,0,0],[0.10000000000000001,0.10000000000000001,0.10000000000000001],30,"drone","74.58",
[1,0,0],20,"Drone1",[498.29199999999997,270,-228.62299999999999],1,[0,0,0,0],[0.10000000000000001,0.10000000000000001,0.10000000000000001],30,"drone","73.58",
[1,0,0],20,"Drone1",[498.29199999999997,270,-228.62299999999999],1,[0,0,0,0],[0.10000000000000001,0.10000000000000001,0.10000000000000001],30,"drone","72.58",
[1,0,0],20,"Drone1",[498.29199999999997,270,-228.62299999999999],1,[0,0,0,0],[0.10000000000000001,0.10000000000000001,0.10000000000000001],30,"drone","71.58",
[1,0,0],20,"Drone1",[498.29199999999997,270,-228.62299999999999],1,[0,0,0,0],[0.10000000000000001,0.10000000000000001,0.10000000000000001],30,"drone","70.58",
[1,0,0],20,"Drone1",[498.29199999999997,270,-228.62299999999999],1,[0,0,0,0],[0.10000000000000001,0.10000000000000001,0.10000000000000001],30,"drone","69.58",
[1,0,0],20,"Drone1",[498.29199999999997,270,-228.62299999999999],1,[0,0,0,0],[0.10000000000000001,0.10000000000000001,0.10000000000000001],30,"drone","68.58",
[1,0,0],20,"Drone1",[498.29199999999997,270,-228.62299999999999],1,[0,0,0,0],[0.10000000000000001,0.10000000000000001,0.10000000000000001],30,"drone","67.58",
[1,0,0],20,"Drone1",[498.29199999999997,270,-228.62299999999999],1,[0,0,0,0],[0.10000000000000001,0.10000000000000001,0.10000000000000001],30,"drone","66.58",
[1,0,0],20,"Drone1",[498.29199999999997,270,-228.62299999999999],1,[0,0,0,0],[0.10000000000000001,0.10000000000000001,0.10000000000000001],30,"drone","65.58",
[1,0,0],20,"Drone1",[498.29199999999997,270,-228.62299999999999],1,[0,0,0,0],[0.10000000000000001,0.10000000000000001,0.10000000000000001],30,"drone","64.58",
[1,0,0],20,"Drone1",[498.29199999999997,270,-228.62299999999999],1,[0,0,0,0],[0.10000000000000001,0.10000000000000001,0.10000000000000001],30,"drone","63.58",
[1,0,0],20,"Drone1",[498.29199999999997,270,-228.62299999999999],1,[0,0,0,0],[0.10000000000000001,0.10000000000000001,0.10000000000000001],30,"drone","62.58",
[1,0,0],20,"Drone1",[498.29199999999997,270,-228.62299999999999],1,[0,0,0,0],[0.10000000000000001,0.10000000000000001,0.10000000000000001],30,"drone","61.58",
[1,0,0],20,"Drone1",[498.29199999999997,270,-228.62299999999999],1,[0,0,0,0],[0.10000000000000001,0.10000000000000001,0.10000000000000001],30,"drone","60.58",
[1,0,0],20,"Drone1",[498.29199999999997,270,-228.62299999999999],1,[0,0,0,0],[0.10000000000000001,0.10000000000000001,0.10000000000000001],30,"drone","59.58",
[1,0,0],20,"Drone1",[498.29199999999997,270,-228.62299999999999],1,[0,0,0,0],[0.10000000000000001,0.10000000000000001,0.10000000000000001],30,"drone","58.58",
[1,0,0],20,"Drone1",[498.29199999999997,270,-228.62299999999999],1,[0,0,0,0],[0.10000000000000001,0.10000000000000001,0.10000000000000001],30,"drone","57.58",
[1,0,0],20,"Drone1",[498.29199999999997,270,-228.62299999999999],1,[0,0,0,0],[0.10000000000000001,0.10000000000000001,0.10000000000000001],30,"drone","56.58",
[1,0,0],20,"Drone1",[498.29199999999997,270,-228.62299999999999],1,[0,0,0,0],[0.10000000000000001,0.10000000000000001,0.10000000000000001],30,"drone","55.58",
[1,0,0],20,"Drone1",[498.29199999999997,270,-228.62299999999999],1,[0,0,0,0],[0.10000000000000001,0.10000000000000001,0.10000000000000001],30,"drone","54.58",
[1,0,0],20,"Drone1",[498.29199999999997,270,-228.62299999999999],1,[0,0,0,0],[0.10000000000000001,0.10000000000000001,0.10000000000000001],30,"drone","53.58",
[1,0,0],20,"Drone1",[498.29199999999997,270,-228.62299999999999],1,[0,0,0,0],[0.10000000000000001,0.10000000000000001,0.10000000000000001],30,"drone","52.58",
[1,0,0],20,"Drone1",[498.29199999999997,270,-228.62299999999999],1,[0,0,0,0],[0.10000000000000001,0.10000000000000001,0.10000000000000001],30,"drone","51.58",
[1,0,0],20,"Drone1",[498.29199999999997,270,-228.62299999999999],1,[0,0,0,0],[0.10000000000000001,0.10000000000000001,0.10000000000000001],30,"drone","50.58",
[1,0,0],20,"Drone1",[498.29199999999997,270,-228.62299999999999],1,[0,0,0,0],[0.10000000000000001,0.10000000000000001,0.10000000000000001],30,"drone","49.58",
[1,0,0],20,"Drone1",[498.29199999999997,270,-228.62299999999999],1,[0,0,0,0],[0.10000000000000001,0.10000000000000001,0.10000000000000001],30,"drone","48.58",
[1,0,0],20,"Drone1",[498.29199999999997,270,-228.62299999999999],1,[0,0,0,0],[0.10000000000000001,0.10000000000000001,0.10000000000000001],30,"drone","47.58",
[1,0,0],20,"Drone1",[498.29199999999997,270,-228.62299999999999],1,[0,0,0,0],[0.10000000000000001,0.10000000000000001,0.10000000000000001],30,"drone","46.58",
[1,0,0],20,"Drone1",[498.29199999999997,270,-228.62299999999999],1,[0,0,0,0],[0.10000000000000001,0.10000000000000001,0.10000000000000001],30,"drone","45.58",
[1,0,0],20,"Drone1",[498.29199999999997,270,-228.62299999999999],1,[0,0,0,0],[0.10000000000000001,0.10000000000000001,0.10000000000000001],30,"drone","44.58",
[1,0,0],20,"Drone1",[498.29199999999997,270,-228.62299999999999],1,[0,0,0,0],[0.10000000000000001,0.10000000000000001,0.10000000000000001],30,"drone","43.58",
[1,0,0],20,"Drone1",[498.29199999999997,270,-228.62299999999999],1,[0,0,0,0],[0.10000000000000001,0.10000000000000001,0.10000000000000001],30,"drone","42.58",
[1,0,0],20,"Drone1",[498.29199999999997,270,-228.62299999999999],1,[0,0,0,0],[0.10000000000000001,0.10000000000000001,0.10000000000000001],30,"drone","41.58",
[1,0,0],20,"Drone1",[498.29199999999997,270,-228.62299999999999],1,[0,0,0,0],[0.10000000000000001,0.10000000000000001,0.10000000000000001],30,"drone","40.58",
[1,0,0],20,"Drone1",[498.29199999999997,270,-228.62299999999999],1,[0,0,0,0],[0.10000000000000001,0.10000000000000001,0.10000000000000001],30,"drone","39.58",
[1,0,0],20,"Drone1",[498.29199999999997,270,-228.62299999999999],1,[0,0,0,0],[0.10000000000000001,0.10000000000000001,0.10000000000000001],30,"drone","38.58",
[1,0,0],20,"Drone1",[498.29199999999997,270,-228.62299999999999],1,[0,0,0,0],[0.10000000000000001,0.10000000000000001,0.10000000000000001],30,"drone","37.58",
[1,0,0],20,"Drone1",[498.29199999999997,270,-228.62299999999999],1,[0,0,0,0],[0.10000000000000001,0.10000000000000001,0.10000000000000001],30,"drone","36.58",
